,precip,humidity,windspeed,windgust,cloudcover
0,"[0.0, 0.0, 0.0]","[57.9, 81.5, 91.9]","[0.0, 15.5, 27.7]","[None, None, None]","[27.8, 69.5, 100.0]"
1,"[0.0, 0.0, 0.0]","[61.5, 78.4, 94.9]","[9.4, 21.6, 46.4]","[51.8, 51.8, 51.8]","[27.8, 64.0, 98.2]"
2,"[0.0, 0.0, 0.0]","[69.8, 83.0, 91.3]","[0.0, 20.2, 38.9]","[37.1, 51.1, 64.8]","[27.8, 70.7, 100.0]"
3,"[0.0, 0.0, 0.0]","[65.5, 83.1, 93.7]","[3.6, 20.9, 37.1]","[38.9, 38.9, 38.9]","[38.9, 74.6, 98.8]"
4,"[0.0, 0.0, 0.0]","[69.7, 81.8, 93.2]","[5.4, 19.4, 33.5]","[None, None, None]","[43.6, 68.8, 100.0]"
5,"[0.0, 0.0, 0.0]","[72.5, 81.6, 92.2]","[7.6, 20.2, 35.3]","[None, None, None]","[47.2, 66.9, 100.0]"
6,"[0.0, 0.0, 0.0]","[69.5, 79.5, 88.1]","[5.4, 23.0, 44.6]","[74.2, 74.2, 74.2]","[5.0, 62.1, 98.0]"
7,"[0.0, 0.0, 0.0]","[69.1, 77.1, 88.5]","[0.0, 19.8, 40.7]","[46.4, 46.4, 46.4]","[19.6, 49.3, 86.0]"
8,"[0.0, 0.0, 0.0]","[49.7, 78.9, 95.1]","[3.6, 19.4, 30.6]","[None, None, None]","[0.0, 67.0, 100.0]"
9,"[0.0, 0.0, 0.0]","[65.8, 81.9, 94.4]","[5.4, 20.2, 37.1]","[None, None, None]","[0.0, 63.8, 99.1]"
10,"[0.0, 0.0, 0.0]","[71.8, 84.2, 94.4]","[1.8, 19.4, 38.9]","[None, None, None]","[0.0, 70.5, 100.0]"
11,"[0.0, 0.0, 0.0]","[65.1, 80.7, 94.5]","[7.6, 24.1, 38.9]","[53.6, 53.6, 53.6]","[43.7, 74.5, 100.0]"
12,"[0.0, 0.0, 0.0]","[68.8, 79.7, 95.6]","[0.0, 23.4, 37.1]","[42.5, 50.0, 57.6]","[16.7, 66.7, 100.0]"
13,"[0.0, 0.0, 0.0]","[73.1, 81.0, 93.5]","[0.0, 17.3, 38.9]","[None, None, None]","[25.7, 66.1, 100.0]"
14,"[0.0, 0.0, 0.0]","[67.4, 81.5, 93.5]","[0.0, 22.3, 35.3]","[48.2, 48.2, 48.2]","[37.4, 73.0, 100.0]"
15,"[0.0, 0.0, 0.0]","[67.2, 79.8, 88.7]","[5.4, 22.0, 33.5]","[None, None, None]","[27.8, 68.3, 100.0]"
16,"[0.0, 0.0, 0.0]","[68.5, 81.4, 93.7]","[7.2, 27.4, 116.6]","[53.6, 53.6, 53.6]","[11.1, 71.5, 100.0]"
17,"[0.0, 0.0, 0.0]","[72.3, 83.9, 93.7]","[3.6, 21.2, 44.3]","[None, None, None]","[0.0, 71.2, 98.3]"
18,"[0.0, 0.0, 0.0]","[65.1, 79.8, 91.4]","[0.0, 23.8, 51.8]","[None, None, None]","[30.9, 62.5, 100.0]"
19,"[0.0, 0.0, 0.0]","[63.6, 78.0, 94.3]","[0.0, 20.9, 38.9]","[51.8, 53.6, 55.4]","[27.8, 62.1, 98.3]"
20,"[0.0, 0.0, 0.0]","[68.8, 82.5, 97.5]","[5.8, 18.0, 33.5]","[None, None, None]","[35.0, 70.2, 100.0]"
21,"[0.0, 0.0, 0.0]","[67.3, 80.4, 89.5]","[0.0, 20.2, 42.5]","[44.6, 44.6, 44.6]","[31.7, 59.5, 93.2]"
22,"[0.0, 0.0, 0.0]","[53.3, 79.5, 97.9]","[0.0, 20.2, 38.9]","[57.6, 57.6, 57.6]","[27.5, 61.6, 98.8]"
23,"[0.0, 0.0, 0.0]","[63.6, 81.2, 91.5]","[3.6, 17.6, 50.0]","[None, None, None]","[12.3, 58.9, 95.0]"
24,"[0.0, 0.0, 0.0]","[55.5, 78.0, 91.1]","[7.6, 16.6, 37.1]","[42.5, 44.6, 46.4]","[19.4, 52.1, 93.3]"
25,"[0.0, 0.0, 0.0]","[50.2, 81.1, 92.9]","[0.0, 17.3, 35.3]","[None, None, None]","[0.0, 60.3, 100.0]"
26,"[0.0, 0.0, 0.0]","[56.8, 81.4, 93.0]","[5.4, 22.3, 48.2]","[51.8, 51.8, 51.8]","[27.8, 70.5, 98.0]"
27,"[0.0, 0.0, 0.0]","[69.6, 81.7, 94.2]","[7.6, 28.1, 96.5]","[None, None, None]","[27.8, 67.8, 100.0]"
28,"[0.0, 0.0, 0.0]","[61.4, 81.8, 94.5]","[0.0, 23.4, 40.7]","[None, None, None]","[37.8, 70.8, 100.0]"
29,"[0.0, 0.0, 0.0]","[55.7, 80.6, 92.9]","[0.0, 20.2, 37.1]","[None, None, None]","[28.6, 63.6, 98.0]"
30,"[0.0, 0.0, 0.0]","[61.6, 76.9, 96.4]","[0.0, 20.9, 42.5]","[None, None, None]","[16.7, 58.7, 100.0]"
31,"[0.0, 0.0, 0.0]","[71.2, 82.3, 93.2]","[0.0, 19.4, 38.9]","[None, None, None]","[0.0, 73.3, 100.0]"
32,"[0.0, 0.0, 0.0]","[64.5, 83.4, 95.0]","[0.0, 22.3, 37.1]","[None, None, None]","[46.1, 72.6, 100.0]"
33,"[0.0, 0.0, 0.0]","[69.4, 80.7, 92.0]","[0.0, 16.9, 37.1]","[57.6, 57.6, 57.6]","[17.4, 72.6, 96.8]"
34,"[0.0, 0.0, 0.0]","[69.7, 79.6, 94.0]","[0.0, 20.9, 42.5]","[None, None, None]","[23.3, 63.0, 98.3]"
35,"[0.0, 0.0, 0.0]","[63.2, 82.2, 96.3]","[5.4, 20.9, 40.7]","[None, None, None]","[27.8, 70.7, 99.1]"
36,"[0.0, 0.0, 0.0]","[67.0, 83.0, 96.9]","[3.6, 24.1, 42.5]","[57.2, 57.2, 57.2]","[28.9, 67.0, 100.0]"
37,"[0.0, 0.0, 0.0]","[64.1, 82.9, 96.9]","[3.6, 20.2, 31.7]","[None, None, None]","[23.1, 66.3, 94.6]"
38,"[0.0, 0.0, 0.0]","[67.7, 81.2, 92.1]","[0.0, 18.0, 42.5]","[None, None, None]","[2.8, 56.5, 92.0]"
39,"[0.0, 0.0, 0.0]","[65.8, 81.2, 93.9]","[0.0, 22.0, 50.0]","[51.8, 51.8, 51.8]","[31.0, 63.8, 100.0]"
40,"[0.0, 0.0, 0.0]","[65.1, 81.8, 98.5]","[3.6, 19.4, 40.7]","[37.1, 37.1, 37.1]","[13.9, 66.8, 100.0]"
41,"[0.0, 0.0, 0.0]","[63.3, 83.4, 95.0]","[5.4, 23.0, 48.2]","[50.0, 56.2, 61.2]","[31.5, 72.1, 100.0]"
42,"[0.0, 0.0, 0.0]","[68.1, 84.2, 93.1]","[0.0, 25.9, 63.0]","[50.0, 54.4, 59.4]","[36.1, 78.6, 100.0]"
43,"[0.0, 0.0, 0.0]","[64.6, 83.3, 100.0]","[0.0, 28.4, 55.4]","[64.8, 64.8, 64.8]","[14.9, 68.7, 100.0]"
44,"[0.0, 0.0, 0.0]","[67.8, 81.5, 100.0]","[0.0, 25.6, 57.2]","[53.6, 64.1, 74.2]","[27.8, 59.9, 95.5]"
45,"[0.0, 0.0, 0.0]","[68.3, 85.2, 96.4]","[0.0, 19.4, 46.4]","[92.5, 92.5, 92.5]","[30.0, 69.4, 100.0]"
46,"[0.0, 0.0, 0.0]","[75.0, 82.5, 96.0]","[0.0, 21.2, 44.6]","[None, None, None]","[32.5, 64.6, 100.0]"
47,"[0.0, 0.0, 0.0]","[65.0, 83.8, 99.8]","[0.0, 18.0, 38.9]","[44.3, 51.8, 59.4]","[7.5, 61.7, 100.0]"
48,"[0.0, 0.0, 0.0]","[76.1, 84.9, 95.7]","[0.0, 17.6, 64.8]","[40.7, 40.7, 40.7]","[0.0, 66.0, 100.0]"
49,"[0.0, 0.0, 0.0]","[61.1, 83.0, 97.6]","[0.0, 18.7, 53.6]","[74.2, 74.2, 74.2]","[0.0, 67.9, 100.0]"
50,"[0.0, 0.0, 0.0]","[68.4, 83.2, 97.1]","[0.0, 20.9, 43.2]","[None, None, None]","[0.0, 62.0, 100.0]"
51,"[0.0, 0.0, 0.0]","[48.9, 82.2, 94.2]","[3.6, 22.0, 46.4]","[50.0, 51.1, 51.8]","[0.0, 65.4, 100.0]"
52,"[0.0, 0.0, 0.0]","[71.4, 80.9, 93.8]","[0.0, 24.1, 50.4]","[63.0, 63.0, 63.0]","[3.3, 60.7, 99.7]"
53,"[0.0, 0.0, 0.0]","[66.5, 80.0, 90.3]","[5.4, 23.0, 51.8]","[44.6, 50.0, 55.4]","[8.3, 58.8, 95.0]"
54,"[0.0, 0.0, 0.0]","[69.6, 81.6, 91.0]","[0.0, 20.9, 44.6]","[57.6, 58.7, 59.4]","[17.9, 68.4, 98.3]"
55,"[0.0, 0.0, 0.0]","[65.9, 84.2, 95.6]","[0.0, 19.8, 33.5]","[None, None, None]","[32.7, 73.7, 100.0]"
56,"[0.0, 0.0, 0.0]","[61.3, 80.3, 93.7]","[0.0, 24.1, 42.5]","[None, None, None]","[16.7, 66.2, 100.0]"
57,"[0.0, 0.0, 0.0]","[70.2, 82.4, 93.2]","[5.4, 22.3, 44.3]","[63.0, 63.0, 63.0]","[0.0, 69.2, 100.0]"
58,"[0.0, 0.0, 0.0]","[69.0, 84.0, 94.4]","[0.0, 20.5, 37.1]","[None, None, None]","[27.8, 66.7, 99.7]"
59,"[0.0, 0.0, 0.0]","[57.4, 81.4, 92.6]","[0.0, 22.0, 50.0]","[None, None, None]","[26.5, 69.4, 100.0]"
60,"[0.0, 0.0, 0.0]","[60.6, 83.6, 94.7]","[0.0, 27.4, 185.0]","[44.3, 44.3, 44.3]","[15.9, 64.9, 98.6]"
61,"[0.0, 0.0, 0.0]","[56.2, 81.5, 100.0]","[3.6, 21.2, 48.2]","[38.9, 38.9, 38.9]","[6.7, 59.8, 90.0]"
62,"[0.0, 0.0, 0.0]","[64.6, 81.5, 95.4]","[5.4, 23.8, 55.4]","[44.3, 60.1, 76.0]","[22.2, 72.0, 100.0]"
63,"[0.0, 0.0, 0.0]","[68.9, 83.6, 96.2]","[5.4, 25.6, 51.8]","[76.0, 76.0, 76.0]","[38.9, 71.5, 100.0]"
64,"[0.0, 0.0, 0.0]","[64.3, 82.0, 91.8]","[3.6, 23.0, 42.5]","[44.6, 49.3, 53.6]","[37.3, 67.7, 97.9]"
65,"[0.0, 0.0, 0.0]","[61.5, 81.6, 95.2]","[3.6, 24.5, 48.2]","[42.5, 51.8, 66.6]","[4.6, 59.4, 100.0]"
66,"[0.0, 0.0, 0.0]","[58.9, 81.8, 96.7]","[0.0, 24.5, 51.8]","[59.4, 59.4, 59.4]","[23.8, 64.2, 100.0]"
67,"[0.0, 0.0, 0.0]","[58.6, 81.4, 96.0]","[0.0, 24.1, 40.7]","[None, None, None]","[36.7, 67.2, 100.0]"
68,"[0.0, 0.0, 0.0]","[67.1, 81.5, 93.8]","[0.0, 19.8, 35.3]","[37.1, 37.1, 37.1]","[24.7, 70.1, 100.0]"
69,"[0.0, 0.0, 0.0]","[66.7, 81.7, 93.8]","[0.0, 25.2, 51.8]","[72.4, 72.4, 72.4]","[9.3, 73.0, 100.0]"
70,"[0.0, 0.0, 0.0]","[64.0, 79.7, 96.6]","[0.0, 24.8, 59.0]","[None, None, None]","[27.8, 66.8, 100.0]"
71,"[0.0, 0.0, 0.0]","[64.3, 81.7, 95.7]","[5.4, 18.7, 31.3]","[None, None, None]","[0.0, 65.9, 100.0]"
72,"[0.0, 0.0, 0.0]","[67.2, 83.8, 94.1]","[0.0, 21.2, 48.2]","[None, None, None]","[0.0, 69.5, 100.0]"
73,"[0.0, 0.0, 0.0]","[61.4, 81.9, 93.2]","[0.0, 15.8, 35.3]","[44.6, 44.6, 44.6]","[11.1, 62.9, 100.0]"
74,"[0.0, 0.0, 0.0]","[68.6, 83.4, 95.7]","[0.0, 17.6, 38.9]","[None, None, None]","[27.8, 70.7, 100.0]"
75,"[0.0, 0.0, 0.0]","[54.7, 78.4, 96.9]","[3.6, 21.2, 44.3]","[44.3, 44.3, 44.3]","[27.8, 62.6, 100.0]"
76,"[0.0, 0.0, 0.0]","[63.9, 77.8, 86.7]","[5.4, 21.2, 59.0]","[40.7, 42.5, 44.3]","[27.8, 59.5, 100.0]"
77,"[0.0, 0.0, 0.0]","[71.2, 82.4, 97.7]","[0.0, 20.9, 50.0]","[None, None, None]","[7.4, 66.5, 97.3]"
78,"[0.0, 0.0, 0.0]","[70.0, 81.3, 90.9]","[7.6, 25.2, 50.0]","[51.8, 51.8, 51.8]","[14.0, 66.8, 97.1]"
79,"[0.0, 0.0, 0.0]","[66.7, 84.3, 95.2]","[0.0, 21.6, 38.9]","[64.8, 64.8, 64.8]","[22.8, 74.1, 100.0]"
80,"[0.0, 0.0, 0.0]","[58.3, 82.4, 95.2]","[9.4, 20.2, 37.1]","[None, None, None]","[23.1, 63.7, 100.0]"
81,"[0.0, 0.0, 0.0]","[62.1, 84.0, 95.3]","[5.4, 26.3, 66.6]","[66.6, 82.4, 98.3]","[34.4, 70.2, 100.0]"
82,"[0.0, 0.0, 0.0]","[67.5, 81.4, 93.5]","[0.0, 27.7, 50.0]","[None, None, None]","[24.7, 66.1, 100.0]"
83,"[0.0, 0.0, 0.0]","[70.4, 85.9, 94.7]","[0.0, 23.4, 44.6]","[86.4, 86.4, 86.4]","[27.5, 73.7, 100.0]"
84,"[0.0, 0.0, 0.0]","[73.8, 84.2, 95.0]","[0.0, 22.0, 37.1]","[None, None, None]","[24.1, 65.6, 100.0]"
85,"[0.0, 0.0, 0.0]","[68.1, 84.9, 95.2]","[11.2, 26.6, 51.8]","[57.2, 57.2, 57.2]","[32.2, 70.7, 100.0]"
86,"[0.0, 0.0, 0.0]","[66.8, 84.2, 92.9]","[11.2, 32.8, 55.4]","[40.7, 67.0, 115.2]","[41.7, 75.3, 100.0]"
87,"[0.0, 0.0, 0.0]","[61.1, 82.7, 93.1]","[7.6, 30.6, 55.4]","[57.2, 57.2, 57.2]","[27.8, 69.3, 94.0]"
88,"[0.0, 0.0, 0.0]","[65.7, 82.4, 93.7]","[7.6, 25.9, 53.6]","[40.7, 40.7, 40.7]","[27.8, 62.7, 96.4]"
89,"[0.0, 0.0, 0.0]","[59.7, 82.0, 96.0]","[0.0, 24.8, 57.2]","[38.9, 40.7, 42.5]","[27.8, 71.0, 100.0]"
90,"[0.0, 0.0, 0.0]","[67.2, 83.1, 96.8]","[5.4, 22.0, 50.0]","[48.2, 48.2, 48.2]","[16.7, 64.1, 100.0]"
91,"[0.0, 0.0, 0.0]","[62.8, 82.0, 96.0]","[3.6, 27.7, 64.8]","[51.8, 55.1, 59.4]","[6.9, 68.5, 98.3]"
92,"[0.0, 0.0, 0.0]","[74.1, 84.0, 97.8]","[0.0, 20.5, 35.3]","[40.7, 47.2, 53.6]","[19.7, 64.3, 100.0]"
93,"[0.0, 0.0, 0.0]","[74.1, 83.4, 95.2]","[0.0, 25.9, 66.6]","[48.2, 48.2, 48.2]","[33.3, 67.8, 100.0]"
94,"[0.0, 0.0, 0.0]","[73.6, 85.5, 93.2]","[0.0, 20.9, 37.1]","[44.3, 49.0, 53.6]","[37.7, 76.5, 100.0]"
95,"[0.0, 0.0, 0.0]","[66.3, 82.0, 96.9]","[0.0, 23.4, 50.0]","[None, None, None]","[18.3, 63.1, 98.3]"
96,"[0.0, 0.0, 0.0]","[66.4, 83.4, 95.9]","[0.0, 22.0, 63.0]","[None, None, None]","[27.8, 69.3, 95.3]"
97,"[0.0, 0.0, 0.0]","[57.9, 82.3, 95.8]","[3.6, 32.4, 61.2]","[53.6, 67.7, 81.7]","[27.8, 68.8, 100.0]"
98,"[0.0, 0.0, 0.0]","[67.9, 82.7, 92.8]","[5.4, 26.3, 55.4]","[37.1, 66.6, 96.5]","[16.7, 67.5, 98.7]"
99,"[0.0, 0.0, 0.0]","[62.0, 79.5, 91.4]","[3.6, 27.4, 57.2]","[37.1, 57.6, 77.8]","[0.0, 67.3, 95.0]"
100,"[0.0, 0.0, 0.0]","[62.4, 80.7, 94.4]","[7.6, 23.0, 53.6]","[44.3, 57.2, 64.8]","[34.4, 71.2, 98.2]"
101,"[0.0, 0.0, 0.0]","[65.7, 84.1, 95.6]","[11.2, 26.6, 50.0]","[64.8, 64.8, 64.8]","[11.9, 63.6, 100.0]"
102,"[0.0, 0.0, 0.0]","[66.6, 82.4, 95.0]","[3.6, 29.9, 68.4]","[44.3, 44.3, 44.3]","[37.3, 75.3, 100.0]"
103,"[0.0, 0.0, 0.0]","[69.1, 83.5, 95.2]","[0.0, 29.2, 51.8]","[72.4, 72.4, 72.4]","[34.1, 72.8, 97.3]"
104,"[0.0, 0.0, 0.0]","[68.2, 83.6, 96.9]","[5.4, 41.4, 322.2]","[44.3, 50.0, 55.4]","[34.6, 73.4, 100.0]"
105,"[0.0, 0.0, 0.0]","[60.2, 85.8, 97.8]","[0.0, 26.6, 46.4]","[61.2, 64.1, 66.6]","[0.0, 74.2, 100.0]"
106,"[0.0, 0.0, 0.0]","[70.2, 85.3, 96.5]","[0.0, 22.0, 46.4]","[None, None, None]","[6.9, 67.8, 94.4]"
107,"[0.0, 0.0, 0.0]","[70.7, 83.9, 97.6]","[0.0, 25.9, 59.4]","[51.8, 58.7, 63.0]","[27.8, 67.8, 100.0]"
108,"[0.0, 0.0, 0.0]","[62.7, 85.0, 97.0]","[0.0, 22.3, 46.4]","[46.4, 46.4, 46.4]","[19.8, 69.4, 100.0]"
109,"[0.0, 0.0, 0.0]","[47.9, 82.4, 98.0]","[5.4, 24.8, 53.6]","[66.6, 66.6, 66.6]","[0.0, 62.4, 97.8]"
110,"[0.0, 0.0, 0.0]","[66.7, 82.5, 97.9]","[9.4, 22.3, 44.3]","[50.0, 50.0, 50.0]","[23.8, 64.4, 97.3]"
111,"[0.0, 0.3, 4.1]","[66.4, 83.4, 96.1]","[9.4, 25.6, 48.2]","[44.3, 52.9, 61.2]","[29.0, 66.8, 99.2]"
112,"[0.0, 0.0, 0.0]","[59.6, 80.6, 94.9]","[9.4, 25.6, 57.2]","[None, None, None]","[18.5, 58.9, 95.6]"
113,"[0.0, 0.0, 0.0]","[64.1, 80.6, 92.4]","[0.0, 23.0, 51.8]","[50.0, 50.0, 50.0]","[5.6, 62.9, 100.0]"
114,"[0.0, 0.0, 0.0]","[69.2, 87.1, 97.3]","[5.4, 21.2, 42.5]","[57.2, 57.2, 57.2]","[27.4, 69.5, 100.0]"
115,"[0.0, 0.0, 0.0]","[67.1, 84.0, 99.1]","[5.4, 28.1, 55.4]","[48.2, 57.6, 66.6]","[23.1, 64.8, 100.0]"
116,"[0.0, 0.0, 0.0]","[62.5, 84.4, 94.1]","[5.4, 27.0, 92.5]","[37.1, 37.1, 37.1]","[44.4, 70.1, 94.7]"
117,"[0.0, 0.0, 0.0]","[66.6, 83.9, 96.2]","[7.6, 29.2, 87.1]","[72.4, 72.4, 72.4]","[27.8, 69.7, 100.0]"
118,"[0.0, 0.0, 0.0]","[54.0, 79.2, 93.8]","[7.6, 27.0, 55.4]","[61.2, 63.0, 64.8]","[27.8, 71.0, 96.3]"
119,"[0.0, 0.0, 0.0]","[62.7, 82.8, 98.0]","[0.0, 20.9, 42.5]","[61.2, 68.4, 79.2]","[22.6, 58.4, 98.4]"
120,"[0.0, 0.0, 0.0]","[56.6, 84.1, 93.6]","[0.0, 25.6, 64.8]","[76.0, 84.2, 92.5]","[8.3, 68.9, 100.0]"
121,"[0.0, 0.0, 0.0]","[59.9, 86.1, 96.5]","[0.0, 24.5, 50.0]","[None, None, None]","[27.8, 74.0, 100.0]"
122,"[0.0, 0.0, 0.0]","[66.3, 86.3, 97.9]","[0.0, 19.4, 55.4]","[None, None, None]","[20.7, 61.1, 100.0]"
123,"[0.0, 0.0, 0.0]","[76.4, 86.9, 98.1]","[5.4, 21.6, 46.4]","[51.8, 51.8, 51.8]","[4.6, 59.6, 98.8]"
124,"[0.0, 0.0, 0.0]","[79.5, 86.9, 96.1]","[5.4, 20.5, 43.2]","[None, None, None]","[18.5, 68.4, 100.0]"
125,"[0.0, 0.0, 0.0]","[67.9, 85.7, 97.2]","[0.0, 28.8, 64.8]","[59.4, 65.5, 72.4]","[44.4, 72.8, 100.0]"
126,"[0.0, 0.0, 0.0]","[64.0, 83.1, 97.2]","[9.4, 24.8, 72.4]","[46.4, 74.9, 103.7]","[0.0, 53.4, 95.0]"
127,"[0.0, 0.0, 0.0]","[66.0, 85.7, 96.0]","[0.0, 25.2, 44.6]","[37.1, 54.4, 74.2]","[13.9, 62.3, 93.8]"
128,"[0.0, 0.0, 0.0]","[65.6, 83.7, 93.5]","[5.4, 30.6, 66.6]","[51.8, 69.5, 96.5]","[4.6, 67.5, 98.3]"
129,"[0.0, 0.0, 0.0]","[72.1, 84.4, 92.7]","[0.0, 27.0, 66.6]","[40.7, 69.1, 101.9]","[27.8, 65.5, 100.0]"
130,"[0.0, 0.0, 0.0]","[64.7, 82.4, 97.7]","[3.6, 24.5, 44.6]","[59.4, 64.1, 68.4]","[20.1, 61.0, 100.0]"
131,"[0.0, 0.0, 0.0]","[67.2, 84.8, 99.3]","[0.0, 27.4, 66.6]","[44.3, 63.7, 90.7]","[0.0, 57.9, 100.0]"
132,"[0.0, 0.0, 0.0]","[67.8, 85.1, 98.5]","[0.0, 26.6, 66.6]","[38.9, 53.3, 77.8]","[0.0, 59.9, 97.8]"
133,"[0.0, 0.0, 0.0]","[67.9, 87.3, 96.7]","[0.0, 16.9, 40.7]","[44.3, 44.3, 44.3]","[0.0, 60.8, 100.0]"
134,"[0.0, 0.0, 0.0]","[60.6, 82.8, 97.2]","[0.0, 24.5, 48.2]","[44.6, 50.8, 53.6]","[17.5, 66.3, 100.0]"
135,"[0.0, 0.0, 0.0]","[73.4, 85.8, 98.1]","[0.0, 26.6, 68.4]","[66.6, 85.7, 104.4]","[36.0, 77.8, 100.0]"
136,"[0.0, 0.0, 0.0]","[72.7, 85.2, 100.0]","[0.0, 25.6, 48.2]","[87.1, 87.1, 87.1]","[27.8, 71.1, 100.0]"
137,"[0.0, 0.0, 0.0]","[61.3, 84.0, 96.6]","[3.6, 23.8, 55.4]","[40.7, 45.7, 51.8]","[27.8, 74.6, 100.0]"
138,"[0.0, 0.0, 0.0]","[73.2, 83.8, 93.2]","[2.5, 21.6, 55.4]","[None, None, None]","[0.0, 61.0, 98.4]"
139,"[0.0, 0.0, 0.0]","[72.9, 87.5, 100.0]","[3.6, 20.9, 48.2]","[48.2, 58.7, 72.4]","[1.7, 65.5, 97.8]"
140,"[0.0, 0.0, 0.0]","[73.5, 84.9, 98.3]","[0.0, 29.5, 57.6]","[55.4, 61.2, 77.8]","[0.0, 60.2, 93.8]"
141,"[0.0, 0.0, 0.0]","[73.1, 83.7, 93.2]","[3.6, 26.6, 68.4]","[44.6, 62.6, 81.7]","[40.5, 72.7, 100.0]"
142,"[0.0, 0.0, 0.0]","[73.4, 85.8, 97.1]","[0.0, 27.0, 66.6]","[53.6, 63.7, 81.7]","[0.0, 71.3, 94.6]"
143,"[0.0, 0.0, 0.0]","[72.8, 86.4, 96.2]","[0.0, 23.0, 50.0]","[59.4, 65.2, 70.6]","[30.0, 70.1, 100.0]"
144,"[0.0, 0.0, 0.0]","[75.9, 87.6, 96.7]","[0.0, 29.9, 77.8]","[64.8, 72.7, 76.0]","[22.2, 73.1, 100.0]"
145,"[0.0, 0.0, 0.0]","[70.5, 87.1, 98.0]","[0.0, 29.5, 57.6]","[53.6, 72.4, 85.3]","[9.3, 70.8, 100.0]"
146,"[0.0, 0.0, 0.0]","[68.9, 89.4, 98.2]","[0.0, 22.3, 53.6]","[None, None, None]","[4.8, 72.6, 100.0]"
147,"[0.0, 0.0, 0.0]","[80.2, 89.6, 96.1]","[0.0, 20.5, 46.4]","[None, None, None]","[22.8, 72.8, 98.1]"
148,"[0.0, 0.0, 0.0]","[72.6, 86.6, 93.5]","[0.0, 22.7, 48.2]","[None, None, None]","[4.0, 64.8, 100.0]"
149,"[0.0, 0.0, 0.0]","[65.9, 82.7, 94.4]","[0.0, 31.0, 109.1]","[55.4, 55.4, 55.4]","[22.2, 61.2, 95.3]"
150,"[0.0, 0.0, 0.0]","[74.6, 83.1, 92.9]","[5.4, 26.6, 66.6]","[51.8, 54.4, 59.4]","[25.4, 66.2, 100.0]"
151,"[0.0, 0.0, 0.0]","[78.9, 88.8, 96.2]","[0.0, 28.8, 64.8]","[64.8, 64.8, 64.8]","[19.2, 74.0, 100.0]"
152,"[0.0, 0.0, 0.0]","[68.1, 89.1, 97.7]","[0.0, 24.8, 72.4]","[53.6, 69.5, 85.3]","[40.9, 81.0, 100.0]"
153,"[0.0, 0.0, 0.0]","[76.9, 87.4, 97.8]","[0.0, 25.2, 55.4]","[None, None, None]","[29.4, 72.1, 100.0]"
154,"[0.0, 0.0, 0.0]","[72.3, 84.8, 96.3]","[0.0, 26.6, 68.4]","[None, None, None]","[54.7, 78.6, 100.0]"
155,"[0.0, 0.0, 0.0]","[71.8, 83.9, 97.8]","[0.0, 28.4, 53.6]","[42.5, 67.7, 92.5]","[27.8, 76.7, 100.0]"
156,"[0.0, 0.0, 0.0]","[62.3, 83.7, 98.5]","[0.0, 20.5, 63.0]","[None, None, None]","[2.0, 71.0, 100.0]"
157,"[0.0, 0.0, 0.0]","[67.4, 85.4, 98.5]","[0.0, 21.2, 61.2]","[50.0, 52.9, 55.4]","[0.0, 59.6, 100.0]"
158,"[0.0, 0.0, 0.0]","[60.9, 85.6, 98.9]","[3.6, 25.6, 46.4]","[42.5, 54.4, 61.2]","[17.0, 71.6, 98.2]"
159,"[0.0, 0.0, 0.0]","[77.0, 88.5, 100.0]","[0.0, 24.8, 59.0]","[50.0, 61.6, 68.4]","[18.8, 71.8, 100.0]"
160,"[0.0, 0.0, 0.0]","[52.7, 84.3, 97.6]","[0.0, 25.6, 53.6]","[40.7, 59.8, 76.0]","[0.0, 61.6, 98.6]"
161,"[0.0, 0.0, 0.0]","[64.2, 83.3, 96.7]","[0.0, 28.1, 68.4]","[55.4, 69.5, 83.5]","[4.0, 61.7, 100.0]"
162,"[0.0, 0.0, 0.0]","[70.5, 85.2, 97.1]","[5.4, 28.1, 76.0]","[107.6, 107.6, 107.6]","[16.7, 69.2, 100.0]"
163,"[0.0, 0.0, 0.0]","[69.2, 86.1, 97.9]","[0.0, 30.2, 70.6]","[25.9, 58.7, 92.5]","[9.7, 67.3, 100.0]"
164,"[0.0, 0.0, 0.0]","[64.2, 82.3, 92.8]","[0.0, 37.1, 105.5]","[48.2, 57.6, 76.0]","[11.9, 70.4, 100.0]"
165,"[0.0, 0.0, 0.0]","[62.3, 85.7, 96.2]","[0.0, 31.3, 63.0]","[42.5, 67.3, 88.9]","[30.0, 72.4, 100.0]"
166,"[0.0, 0.0, 0.0]","[73.4, 85.1, 98.0]","[0.0, 27.7, 59.4]","[50.0, 53.6, 59.4]","[36.1, 70.0, 100.0]"
167,"[0.0, 0.0, 0.0]","[75.9, 84.9, 100.0]","[9.4, 33.8, 85.0]","[38.9, 62.3, 85.3]","[28.2, 73.9, 100.0]"
168,"[0.0, 0.0, 0.0]","[67.6, 83.2, 97.2]","[9.4, 30.2, 61.2]","[59.4, 59.4, 59.4]","[18.3, 67.1, 98.6]"
169,"[0.0, 0.0, 0.0]","[62.5, 84.5, 95.4]","[4.7, 23.4, 74.2]","[None, None, None]","[11.9, 74.3, 100.0]"
170,"[0.0, 0.0, 0.0]","[64.9, 83.9, 95.6]","[5.4, 25.6, 44.3]","[46.4, 49.3, 51.8]","[36.1, 78.6, 100.0]"
171,"[0.0, 0.0, 0.0]","[61.6, 86.1, 98.0]","[0.0, 22.0, 46.4]","[68.4, 68.4, 68.4]","[30.6, 70.1, 100.0]"
172,"[0.0, 0.0, 0.0]","[63.7, 85.3, 95.3]","[0.0, 24.8, 74.2]","[38.9, 38.9, 38.9]","[13.9, 77.8, 100.0]"
173,"[0.0, 0.0, 0.0]","[70.7, 83.0, 92.5]","[0.0, 24.5, 46.4]","[51.8, 54.7, 57.6]","[27.8, 69.7, 100.0]"
174,"[0.0, 0.0, 0.0]","[71.4, 87.2, 98.4]","[0.0, 20.2, 53.6]","[55.4, 55.4, 55.4]","[21.1, 68.4, 100.0]"
175,"[0.0, 0.0, 0.0]","[63.2, 87.3, 97.0]","[0.0, 18.7, 42.5]","[46.4, 54.0, 61.2]","[38.9, 71.3, 100.0]"
176,"[0.0, 0.0, 0.0]","[70.6, 84.1, 95.4]","[0.0, 26.6, 66.6]","[79.6, 79.6, 79.6]","[38.9, 73.1, 100.0]"
177,"[0.0, 0.0, 0.0]","[73.1, 85.6, 94.3]","[0.0, 30.6, 53.6]","[59.4, 65.5, 74.2]","[31.6, 69.8, 100.0]"
178,"[0.0, 0.0, 0.0]","[62.3, 84.1, 96.3]","[0.0, 28.4, 51.8]","[68.4, 75.2, 83.5]","[27.8, 68.8, 100.0]"
179,"[0.0, 0.0, 0.0]","[59.2, 84.5, 96.0]","[0.0, 23.4, 53.6]","[44.6, 55.4, 66.6]","[27.8, 70.5, 100.0]"
180,"[0.0, 0.1, 1.0]","[69.3, 81.4, 91.7]","[0.0, 31.7, 91.8]","[55.4, 55.4, 55.4]","[27.3, 68.2, 100.0]"
181,"[0.0, 0.0, 0.0]","[63.1, 81.9, 91.9]","[5.4, 25.6, 72.4]","[96.5, 96.5, 96.5]","[24.7, 59.6, 98.3]"
182,"[0.0, 0.0, 0.0]","[64.4, 82.4, 94.4]","[3.6, 31.7, 72.4]","[50.0, 80.3, 100.1]","[27.8, 68.9, 100.0]"
183,"[0.0, 0.0, 0.0]","[60.1, 87.1, 97.0]","[10.1, 27.4, 48.2]","[57.6, 61.2, 64.8]","[13.9, 79.2, 100.0]"
184,"[0.0, 0.0, 0.0]","[60.8, 81.6, 95.6]","[0.0, 29.9, 72.4]","[98.3, 98.3, 98.3]","[12.3, 63.6, 100.0]"
185,"[0.0, 0.0, 0.0]","[68.2, 82.5, 92.7]","[0.0, 25.6, 63.0]","[66.6, 71.3, 76.0]","[0.0, 70.8, 100.0]"
186,"[0.0, 0.0, 0.0]","[65.6, 81.1, 93.5]","[0.0, 33.5, 86.4]","[63.0, 98.6, 136.8]","[29.4, 66.7, 100.0]"
187,"[0.0, 0.0, 0.0]","[73.9, 85.7, 99.6]","[0.0, 31.7, 79.6]","[77.8, 85.3, 92.5]","[27.8, 68.4, 100.0]"
188,"[0.0, 0.0, 0.0]","[71.6, 85.6, 99.4]","[3.6, 24.1, 48.2]","[40.7, 48.2, 55.4]","[35.2, 69.0, 100.0]"
189,"[0.0, 0.0, 0.0]","[69.7, 83.6, 93.0]","[3.6, 25.2, 59.0]","[42.5, 51.8, 59.4]","[9.8, 59.4, 100.0]"
190,"[0.0, 0.0, 0.0]","[49.2, 82.4, 95.2]","[0.0, 25.2, 57.6]","[38.9, 51.1, 63.0]","[13.0, 62.1, 100.0]"
191,"[0.0, 0.0, 0.0]","[69.6, 81.3, 89.4]","[0.0, 29.5, 57.2]","[59.4, 63.0, 66.6]","[2.0, 64.1, 100.0]"
192,"[0.0, 0.0, 0.0]","[63.5, 84.1, 96.0]","[0.0, 25.2, 77.8]","[109.4, 109.4, 109.4]","[30.0, 69.6, 100.0]"
193,"[0.0, 0.0, 0.0]","[50.0, 82.5, 94.3]","[0.0, 25.2, 61.2]","[77.8, 77.8, 77.8]","[16.7, 67.4, 100.0]"
194,"[0.0, 0.0, 0.0]","[57.7, 82.0, 99.1]","[0.0, 24.8, 54.0]","[48.2, 48.2, 48.2]","[25.0, 64.2, 97.8]"
195,"[0.0, 0.0, 0.0]","[57.2, 82.8, 98.8]","[0.0, 26.6, 70.2]","[40.7, 52.9, 64.8]","[0.0, 61.8, 100.0]"
196,"[0.0, 0.0, 0.0]","[50.8, 79.6, 97.9]","[0.0, 24.8, 53.6]","[33.5, 48.2, 63.0]","[11.7, 59.9, 100.0]"
197,"[0.0, 0.0, 0.0]","[48.1, 80.2, 97.0]","[0.0, 22.7, 38.9]","[46.4, 54.0, 61.2]","[10.4, 59.8, 100.0]"
198,"[0.0, 0.0, 0.0]","[67.6, 81.5, 92.9]","[0.0, 25.6, 48.2]","[63.0, 68.0, 76.0]","[10.1, 67.9, 100.0]"
199,"[0.0, 0.0, 0.0]","[72.7, 82.8, 96.4]","[3.6, 25.6, 51.8]","[57.6, 70.6, 90.7]","[44.4, 74.9, 100.0]"
200,"[0.0, 0.0, 0.0]","[66.2, 82.4, 94.5]","[3.6, 23.0, 46.4]","[37.1, 49.7, 59.4]","[23.7, 58.3, 100.0]"
201,"[0.0, 0.0, 0.0]","[59.7, 82.1, 95.8]","[0.0, 24.5, 56.5]","[48.2, 56.9, 68.4]","[3.4, 58.8, 100.0]"
202,"[0.0, 0.0, 0.0]","[66.1, 81.8, 94.6]","[0.0, 24.5, 66.6]","[None, None, None]","[10.9, 58.3, 100.0]"
203,"[0.0, 0.0, 0.0]","[70.0, 82.9, 95.6]","[0.0, 28.1, 50.0]","[40.7, 58.3, 70.6]","[35.6, 71.2, 100.0]"
204,"[0.0, 0.0, 0.0]","[58.7, 82.0, 95.7]","[0.0, 26.6, 54.0]","[70.6, 82.1, 93.6]","[18.6, 71.5, 100.0]"
205,"[0.0, 0.0, 0.0]","[67.0, 79.2, 95.2]","[5.4, 37.4, 74.2]","[74.2, 75.2, 76.0]","[32.2, 64.5, 97.1]"
206,"[0.0, 0.0, 0.0]","[62.9, 80.9, 96.3]","[5.4, 34.2, 59.4]","[63.0, 70.2, 81.7]","[34.4, 72.9, 99.1]"
207,"[0.0, 0.0, 0.0]","[65.7, 79.9, 95.8]","[0.0, 29.5, 61.2]","[44.6, 64.1, 83.5]","[26.3, 69.3, 98.8]"
208,"[0.0, 0.0, 0.0]","[49.1, 77.7, 92.5]","[9.4, 25.6, 44.6]","[63.0, 63.0, 63.0]","[0.0, 56.4, 95.1]"
209,"[0.0, 0.0, 0.0]","[51.5, 76.0, 94.1]","[11.2, 27.7, 53.6]","[40.7, 57.6, 74.2]","[4.0, 58.2, 100.0]"
210,"[0.0, 0.0, 0.0]","[58.5, 75.8, 96.6]","[0.0, 26.6, 61.2]","[53.6, 55.8, 57.6]","[0.0, 58.2, 100.0]"
211,"[0.0, 0.0, 0.0]","[48.5, 78.1, 95.7]","[0.0, 24.1, 55.4]","[42.5, 47.2, 51.8]","[0.0, 57.0, 98.2]"
212,"[0.0, 0.0, 0.0]","[48.5, 78.1, 95.7]","[0.0, 24.1, 55.4]","[42.5, 47.2, 51.8]","[0.0, 57.0, 98.2]"
213,"[0.0, 0.0, 0.0]","[68.9, 80.7, 91.7]","[0.0, 23.4, 55.4]","[72.4, 72.4, 72.4]","[0.0, 55.7, 100.0]"
214,"[0.0, 0.0, 0.0]","[69.8, 80.6, 93.2]","[12.2, 25.2, 48.2]","[66.6, 66.6, 66.6]","[0.0, 56.3, 90.7]"
215,"[0.0, 0.0, 0.0]","[65.2, 84.3, 96.4]","[0.0, 22.0, 44.6]","[38.9, 38.9, 38.9]","[17.4, 65.9, 100.0]"
216,"[0.0, 0.0, 0.0]","[64.8, 79.2, 91.7]","[0.0, 24.5, 44.3]","[46.4, 48.2, 50.0]","[23.8, 61.3, 100.0]"
217,"[0.0, 0.0, 0.0]","[62.1, 81.9, 94.4]","[0.0, 21.2, 47.2]","[51.8, 51.8, 51.8]","[27.0, 64.1, 100.0]"
218,"[0.0, 0.0, 0.0]","[66.0, 81.1, 91.7]","[0.0, 25.9, 74.2]","[48.2, 56.2, 61.2]","[30.1, 70.6, 100.0]"
219,"[0.0, 0.0, 0.0]","[65.9, 81.4, 94.1]","[13.0, 29.9, 92.5]","[44.3, 61.2, 74.2]","[25.5, 66.0, 100.0]"
220,"[0.0, 0.0, 0.0]","[76.3, 84.4, 96.7]","[7.6, 26.3, 48.2]","[44.6, 55.4, 68.4]","[9.6, 73.9, 99.1]"
221,"[0.0, 0.0, 0.0]","[63.3, 81.6, 93.7]","[0.0, 28.4, 63.0]","[40.7, 64.8, 88.9]","[32.2, 70.1, 100.0]"
222,"[0.0, 0.0, 0.0]","[67.1, 80.9, 96.3]","[0.0, 27.4, 63.0]","[None, None, None]","[27.8, 69.9, 100.0]"
223,"[0.0, 0.0, 0.0]","[41.6, 80.3, 96.5]","[5.4, 32.0, 51.8]","[59.4, 64.1, 68.4]","[33.3, 74.5, 100.0]"
224,"[0.0, 0.0, 0.0]","[61.6, 80.4, 95.8]","[7.6, 28.1, 53.6]","[55.4, 67.3, 76.0]","[21.3, 66.1, 99.1]"
225,"[0.0, 0.0, 0.0]","[61.3, 80.2, 92.7]","[3.6, 19.8, 53.6]","[53.6, 53.6, 53.6]","[11.5, 57.0, 100.0]"
226,"[0.0, 0.0, 0.0]","[62.1, 78.0, 89.7]","[0.0, 26.6, 44.6]","[51.8, 59.8, 70.6]","[0.0, 66.7, 100.0]"
227,"[0.0, 0.0, 0.0]","[54.8, 78.0, 97.3]","[0.0, 37.4, 142.6]","[None, None, None]","[0.0, 65.8, 100.0]"
228,"[0.0, 0.0, 0.0]","[63.3, 81.1, 94.3]","[0.0, 30.2, 59.0]","[48.2, 51.8, 55.4]","[10.4, 59.0, 99.2]"
229,"[0.0, 0.0, 0.0]","[55.4, 76.7, 91.5]","[0.0, 27.4, 55.4]","[50.0, 50.0, 50.0]","[31.5, 61.2, 100.0]"
230,"[0.0, 0.0, 0.0]","[68.4, 81.6, 98.3]","[0.0, 24.8, 64.8]","[59.4, 59.4, 59.4]","[7.8, 58.9, 100.0]"
231,"[0.0, 0.0, 0.0]","[55.3, 80.4, 100.0]","[0.0, 22.0, 46.4]","[46.4, 50.0, 53.6]","[22.1, 60.8, 89.3]"
232,"[0.0, 0.0, 0.0]","[62.3, 77.4, 92.8]","[0.0, 25.2, 53.6]","[55.4, 70.2, 85.3]","[0.0, 54.6, 100.0]"
233,"[0.0, 0.0, 0.0]","[54.5, 76.5, 94.3]","[9.4, 29.2, 72.0]","[46.4, 52.9, 59.4]","[27.8, 65.6, 100.0]"
234,"[0.0, 0.0, 0.0]","[59.0, 77.4, 90.4]","[7.6, 25.2, 48.2]","[63.0, 63.0, 63.0]","[15.9, 66.3, 100.0]"
235,"[0.0, 0.0, 0.0]","[56.9, 74.1, 87.5]","[3.6, 25.6, 42.5]","[None, None, None]","[22.2, 61.6, 98.4]"
236,"[0.0, 0.0, 0.0]","[47.8, 77.7, 90.9]","[9.4, 24.5, 50.0]","[55.4, 61.9, 68.4]","[0.0, 67.4, 99.1]"
237,"[0.0, 0.0, 0.0]","[46.7, 74.6, 89.5]","[7.6, 23.0, 48.2]","[None, None, None]","[0.0, 57.6, 96.6]"
238,"[0.0, 0.0, 0.0]","[51.6, 77.5, 92.8]","[0.0, 22.7, 50.0]","[55.4, 56.5, 57.6]","[0.0, 64.4, 100.0]"
239,"[0.0, 0.0, 0.0]","[49.7, 76.2, 91.2]","[0.0, 23.0, 44.3]","[40.7, 40.7, 40.7]","[9.3, 61.8, 100.0]"
240,"[0.0, 0.0, 0.0]","[46.5, 75.7, 90.4]","[7.6, 24.1, 53.6]","[70.6, 70.6, 70.6]","[0.0, 64.2, 100.0]"
241,"[0.0, 0.0, 0.0]","[45.0, 77.4, 87.1]","[5.4, 22.0, 44.6]","[50.0, 52.9, 55.4]","[27.8, 69.1, 95.0]"
242,"[0.0, 0.0, 0.0]","[48.7, 76.0, 95.5]","[0.0, 23.8, 44.3]","[57.6, 57.6, 57.6]","[38.9, 69.0, 100.0]"
243,"[0.0, 0.0, 0.0]","[52.2, 79.4, 100.0]","[5.4, 26.3, 66.6]","[100.1, 100.1, 100.1]","[28.5, 72.9, 100.0]"
244,"[0.0, 0.0, 0.0]","[59.0, 79.2, 90.6]","[13.0, 30.2, 51.8]","[61.2, 63.0, 64.8]","[19.8, 71.1, 97.8]"
245,"[0.0, 0.0, 0.0]","[40.5, 73.2, 94.5]","[5.4, 20.5, 57.2]","[None, None, None]","[0.0, 56.8, 100.0]"
246,"[0.0, 0.0, 0.0]","[54.9, 77.6, 93.1]","[0.0, 20.9, 48.2]","[35.3, 40.0, 44.3]","[0.0, 64.3, 100.0]"
247,"[0.0, 0.0, 0.0]","[51.7, 78.4, 95.6]","[5.4, 21.6, 61.2]","[None, None, None]","[21.4, 66.7, 100.0]"
248,"[0.0, 0.0, 0.0]","[68.0, 80.4, 91.1]","[0.0, 25.9, 51.8]","[79.6, 79.6, 79.6]","[37.5, 64.9, 91.1]"
249,"[0.0, 0.0, 0.0]","[59.6, 76.5, 92.8]","[6.5, 29.2, 44.3]","[61.2, 61.2, 61.2]","[34.0, 69.7, 100.0]"
250,"[0.0, 0.0, 0.0]","[56.1, 73.4, 85.4]","[7.6, 22.0, 35.3]","[None, None, None]","[5.0, 60.7, 93.8]"
251,"[0.0, 0.0, 0.0]","[55.6, 74.9, 87.7]","[0.0, 20.9, 40.7]","[59.4, 59.4, 59.4]","[25.7, 60.9, 95.0]"
252,"[0.0, 0.0, 0.0]","[43.7, 75.1, 91.2]","[0.0, 24.1, 44.3]","[None, None, None]","[3.5, 67.2, 96.8]"
253,"[0.0, 0.0, 0.0]","[49.8, 73.0, 88.0]","[0.0, 22.0, 37.1]","[None, None, None]","[0.0, 62.5, 94.6]"
254,"[0.0, 0.0, 0.0]","[44.4, 73.6, 87.6]","[0.0, 24.5, 46.4]","[48.2, 50.0, 51.8]","[15.0, 61.7, 100.0]"
255,"[0.0, 0.0, 0.0]","[52.7, 73.4, 85.8]","[0.0, 22.7, 50.0]","[76.0, 76.0, 76.0]","[0.0, 61.0, 89.6]"
256,"[0.0, 0.0, 0.0]","[60.3, 76.3, 93.7]","[0.0, 19.4, 55.4]","[None, None, None]","[16.8, 68.1, 100.0]"
257,"[0.0, 0.0, 0.0]","[56.2, 77.9, 95.7]","[0.0, 24.1, 51.8]","[51.8, 51.8, 51.8]","[0.0, 63.6, 100.0]"
258,"[0.0, 0.0, 0.0]","[56.2, 71.4, 89.7]","[7.6, 27.7, 50.0]","[53.6, 58.0, 61.2]","[0.0, 54.8, 92.0]"
259,"[0.0, 0.0, 0.0]","[43.1, 70.2, 91.4]","[9.4, 19.1, 38.9]","[42.5, 42.5, 42.5]","[27.8, 61.1, 100.0]"
260,"[0.0, 0.0, 0.0]","[49.2, 73.2, 92.3]","[12.6, 28.8, 48.2]","[35.3, 55.1, 70.2]","[2.7, 62.3, 100.0]"
261,"[0.0, 0.0, 0.0]","[45.4, 69.8, 92.4]","[11.2, 26.3, 46.4]","[None, None, None]","[3.5, 50.5, 98.8]"
262,"[0.0, 0.0, 0.0]","[51.6, 69.8, 87.8]","[6.1, 23.0, 55.4]","[None, None, None]","[5.6, 48.3, 95.7]"
263,"[0.0, 0.0, 0.0]","[50.4, 71.0, 89.9]","[4.7, 20.2, 44.3]","[None, None, None]","[2.8, 59.0, 99.0]"
264,"[0.0, 0.0, 0.0]","[44.7, 73.3, 93.5]","[7.6, 23.8, 42.5]","[None, None, None]","[0.0, 58.1, 100.0]"
265,"[0.0, 0.0, 0.0]","[41.3, 72.6, 91.9]","[5.4, 21.6, 40.7]","[None, None, None]","[0.0, 58.6, 100.0]"
266,"[0.0, 0.0, 0.0]","[45.6, 73.0, 93.6]","[0.0, 23.0, 37.1]","[48.2, 48.2, 48.2]","[0.0, 54.5, 100.0]"
267,"[0.0, 0.0, 0.0]","[49.5, 73.6, 91.6]","[7.6, 24.5, 50.0]","[53.6, 61.2, 68.4]","[0.0, 58.0, 98.2]"
268,"[0.0, 0.0, 0.0]","[54.2, 74.1, 92.9]","[0.0, 27.0, 40.7]","[42.5, 42.5, 42.5]","[5.6, 61.8, 100.0]"
269,"[0.0, 0.0, 0.0]","[57.7, 74.0, 88.7]","[5.8, 28.8, 53.6]","[48.2, 48.2, 48.2]","[25.5, 62.0, 82.3]"
270,"[0.0, 0.0, 0.0]","[54.2, 73.7, 88.4]","[0.0, 22.0, 42.5]","[None, None, None]","[0.0, 57.6, 92.2]"
271,"[0.0, 0.0, 0.0]","[60.3, 75.3, 88.3]","[0.0, 19.8, 37.1]","[40.7, 40.7, 40.7]","[0.0, 59.8, 100.0]"
272,"[0.0, 0.0, 0.0]","[45.9, 67.8, 83.1]","[0.0, 25.2, 49.3]","[None, None, None]","[0.0, 49.0, 91.7]"
273,"[0.0, 0.0, 0.0]","[32.8, 68.7, 87.5]","[0.0, 20.9, 38.9]","[59.4, 59.4, 59.4]","[0.0, 50.0, 94.3]"
274,"[0.0, 0.0, 0.0]","[49.0, 72.0, 94.7]","[5.4, 18.7, 35.3]","[None, None, None]","[3.1, 53.8, 98.3]"
275,"[0.0, 0.0, 0.0]","[50.9, 71.7, 95.3]","[0.0, 24.5, 44.3]","[50.0, 50.0, 50.0]","[0.0, 58.5, 94.0]"
276,"[0.0, 0.0, 0.0]","[47.6, 73.4, 88.1]","[9.4, 23.8, 38.9]","[50.0, 55.8, 59.4]","[0.0, 64.9, 100.0]"
277,"[0.0, 0.0, 0.0]","[35.2, 72.7, 93.5]","[9.4, 23.8, 38.9]","[51.8, 51.8, 51.8]","[0.0, 59.9, 93.2]"
278,"[0.0, 0.0, 0.0]","[30.3, 70.2, 89.6]","[7.6, 22.3, 44.3]","[42.5, 42.5, 42.5]","[0.0, 59.4, 89.1]"
279,"[0.0, 0.0, 0.0]","[37.7, 71.5, 91.9]","[5.4, 26.3, 48.2]","[None, None, None]","[3.5, 60.6, 96.9]"
280,"[0.0, 0.0, 0.0]","[55.8, 72.5, 92.5]","[7.6, 24.5, 64.8]","[None, None, None]","[0.0, 55.7, 98.3]"
281,"[0.0, 0.0, 0.0]","[54.6, 70.5, 94.3]","[7.6, 26.6, 63.0]","[42.5, 56.5, 70.2]","[0.0, 56.5, 98.2]"
282,"[0.0, 0.0, 0.0]","[37.0, 67.4, 92.9]","[0.0, 24.1, 57.2]","[None, None, None]","[0.0, 54.9, 91.3]"
283,"[0.0, 0.0, 0.0]","[39.7, 74.0, 95.5]","[0.0, 22.7, 40.7]","[57.6, 57.6, 57.6]","[0.0, 61.8, 100.0]"
284,"[0.0, 0.0, 0.0]","[36.5, 68.7, 91.4]","[5.4, 23.8, 40.7]","[55.4, 60.1, 64.8]","[0.0, 48.7, 100.0]"
285,"[0.0, 0.0, 0.0]","[52.1, 73.5, 88.1]","[7.6, 21.6, 42.5]","[44.3, 51.8, 59.4]","[0.0, 61.9, 95.2]"
286,"[0.0, 0.0, 0.0]","[54.1, 70.6, 89.6]","[7.6, 20.9, 37.1]","[59.4, 59.4, 59.4]","[13.3, 56.5, 95.9]"
287,"[0.0, 0.0, 0.0]","[53.0, 73.8, 96.2]","[0.0, 24.5, 40.7]","[None, None, None]","[13.9, 59.0, 100.0]"
288,"[0.0, 0.0, 0.0]","[55.1, 74.1, 93.1]","[3.6, 22.3, 35.3]","[None, None, None]","[0.0, 67.1, 100.0]"
289,"[0.0, 0.0, 0.0]","[51.5, 76.3, 92.7]","[0.0, 29.2, 92.5]","[59.4, 59.4, 59.4]","[39.7, 69.9, 98.2]"
290,"[0.0, 0.0, 0.0]","[48.2, 75.4, 94.2]","[7.6, 26.6, 63.0]","[44.3, 46.4, 48.2]","[0.0, 72.8, 100.0]"
291,"[0.0, 0.0, 0.0]","[59.8, 78.9, 90.1]","[0.0, 26.3, 55.4]","[None, None, None]","[43.1, 74.0, 96.2]"
292,"[0.0, 0.0, 0.0]","[64.6, 79.7, 93.3]","[0.0, 28.1, 59.0]","[None, None, None]","[30.2, 74.9, 99.6]"
293,"[0.0, 0.0, 0.0]","[59.8, 77.1, 91.1]","[0.0, 24.1, 41.0]","[None, None, None]","[47.8, 71.6, 94.9]"
294,"[0.0, 0.0, 0.0]","[52.9, 75.8, 91.5]","[9.4, 42.8, 322.6]","[None, None, None]","[46.3, 71.6, 91.3]"
295,"[0.0, 0.0, 0.0]","[59.7, 72.8, 88.0]","[5.4, 25.9, 44.3]","[70.2, 70.2, 70.2]","[27.3, 65.1, 94.9]"
296,"[0.0, 0.0, 0.0]","[55.7, 76.1, 89.7]","[7.6, 26.3, 72.4]","[61.2, 61.2, 61.2]","[6.2, 63.1, 95.0]"
297,"[0.0, 0.0, 0.0]","[53.3, 74.8, 95.1]","[7.6, 24.1, 48.2]","[44.6, 44.6, 44.6]","[12.3, 59.6, 97.1]"
298,"[0.0, 0.0, 0.0]","[39.0, 68.6, 89.6]","[13.0, 23.8, 51.8]","[None, None, None]","[4.6, 55.6, 97.5]"
299,"[0.0, 0.0, 0.0]","[35.0, 70.1, 89.2]","[13.0, 25.9, 38.9]","[None, None, None]","[0.0, 53.0, 100.0]"
300,"[0.0, 0.0, 0.0]","[45.1, 75.5, 91.0]","[7.6, 23.0, 40.7]","[51.8, 51.8, 51.8]","[0.0, 67.1, 100.0]"
301,"[0.0, 0.0, 0.0]","[60.0, 76.2, 89.4]","[3.6, 22.7, 59.0]","[57.6, 57.6, 57.6]","[0.0, 69.4, 100.0]"
302,"[0.0, 0.0, 0.0]","[49.5, 72.7, 88.5]","[0.0, 23.0, 50.0]","[None, None, None]","[9.3, 62.3, 97.1]"
303,"[0.0, 0.0, 0.0]","[55.5, 73.3, 88.0]","[0.0, 22.7, 33.5]","[None, None, None]","[6.9, 56.3, 95.4]"
304,"[0.0, 0.0, 0.0]","[51.7, 77.6, 94.5]","[3.6, 18.4, 44.6]","[None, None, None]","[6.9, 58.2, 87.1]"
305,"[0.0, 0.0, 0.0]","[68.2, 79.3, 92.6]","[0.0, 22.7, 37.1]","[66.6, 66.6, 66.6]","[19.4, 71.4, 100.0]"
306,"[0.0, 0.0, 0.0]","[51.5, 76.6, 93.9]","[0.0, 20.2, 40.7]","[None, None, None]","[0.0, 63.0, 100.0]"
307,"[0.0, 0.0, 0.0]","[46.1, 75.5, 93.8]","[7.6, 21.6, 42.5]","[57.6, 57.6, 57.6]","[25.0, 63.9, 100.0]"
308,"[0.0, 0.0, 0.0]","[59.4, 77.0, 91.1]","[11.2, 22.7, 35.3]","[None, None, None]","[21.3, 68.2, 97.5]"
309,"[0.0, 0.0, 0.0]","[70.6, 80.1, 91.5]","[0.0, 15.8, 38.9]","[None, None, None]","[0.0, 70.6, 100.0]"
310,"[0.0, 0.0, 0.0]","[62.2, 76.3, 93.4]","[0.0, 20.5, 40.7]","[None, None, None]","[21.3, 55.7, 100.0]"
311,"[0.0, 0.0, 0.0]","[57.4, 72.1, 87.6]","[5.4, 21.6, 42.5]","[None, None, None]","[0.0, 50.3, 96.9]"
312,"[0.0, 0.0, 0.0]","[60.5, 75.6, 90.7]","[7.2, 19.1, 29.5]","[48.2, 48.2, 48.2]","[19.8, 65.2, 95.2]"
313,"[0.0, 0.0, 0.0]","[66.0, 79.9, 92.7]","[5.8, 17.6, 25.9]","[None, None, None]","[29.2, 63.8, 100.0]"
314,"[0.0, 0.0, 0.0]","[65.9, 79.9, 96.8]","[5.4, 19.8, 35.3]","[None, None, None]","[27.8, 68.8, 95.3]"
315,"[0.0, 0.0, 0.0]","[56.2, 75.1, 89.0]","[5.4, 21.6, 33.5]","[None, None, None]","[27.8, 67.6, 97.2]"
316,"[0.0, 0.0, 0.0]","[62.6, 80.2, 95.8]","[0.0, 19.1, 35.3]","[None, None, None]","[27.8, 75.0, 91.8]"
317,"[0.0, 0.0, 0.0]","[63.4, 81.1, 93.7]","[9.4, 23.4, 37.1]","[None, None, None]","[50.0, 80.5, 98.8]"
318,"[0.0, 0.0, 0.0]","[57.4, 73.0, 95.3]","[9.4, 20.9, 38.9]","[44.3, 44.3, 44.3]","[32.2, 64.5, 99.1]"
319,"[0.0, 0.0, 0.0]","[61.5, 78.0, 97.2]","[9.4, 25.2, 51.8]","[44.3, 44.6, 44.6]","[4.0, 72.1, 98.6]"
320,"[0.0, 0.0, 0.0]","[66.6, 80.8, 95.1]","[9.4, 22.7, 55.4]","[None, None, None]","[27.8, 78.1, 100.0]"
321,"[0.0, 0.0, 0.0]","[61.5, 79.1, 96.1]","[9.4, 23.8, 50.4]","[55.4, 55.4, 55.4]","[25.9, 72.9, 98.8]"
322,"[0.0, 0.0, 0.0]","[60.5, 79.2, 95.3]","[7.6, 23.0, 42.5]","[None, None, None]","[0.0, 63.4, 100.0]"
323,"[0.0, 0.0, 0.0]","[63.5, 79.9, 91.1]","[11.2, 27.0, 46.4]","[None, None, None]","[43.7, 75.9, 100.0]"
324,"[0.0, 0.0, 0.0]","[67.1, 79.7, 95.7]","[3.6, 24.8, 48.2]","[None, None, None]","[7.9, 71.9, 95.2]"
325,"[0.0, 0.0, 0.0]","[53.5, 76.8, 93.5]","[3.6, 21.6, 55.4]","[None, None, None]","[0.0, 73.1, 100.0]"
326,"[0.0, 0.0, 0.0]","[64.2, 79.0, 90.9]","[7.6, 22.7, 42.5]","[None, None, None]","[0.0, 68.8, 98.3]"
327,"[0.0, 0.0, 0.0]","[65.9, 78.9, 92.2]","[7.6, 23.4, 59.0]","[63.0, 63.0, 63.0]","[36.1, 72.7, 100.0]"
328,"[0.0, 0.0, 0.0]","[67.4, 80.8, 93.7]","[3.6, 19.8, 35.3]","[None, None, None]","[33.3, 70.9, 100.0]"
329,"[0.0, 0.0, 0.0]","[53.0, 76.4, 90.9]","[9.4, 23.8, 88.9]","[None, None, None]","[0.0, 56.9, 95.9]"
330,"[0.0, 0.0, 0.0]","[61.4, 74.8, 91.8]","[7.6, 20.9, 46.4]","[None, None, None]","[0.0, 56.8, 100.0]"
331,"[0.0, 0.0, 0.0]","[57.4, 79.7, 95.4]","[0.0, 17.3, 31.3]","[None, None, None]","[0.0, 58.8, 100.0]"
332,"[0.0, 0.0, 0.0]","[56.4, 79.0, 92.6]","[5.4, 20.2, 35.3]","[44.3, 44.3, 44.3]","[0.0, 65.8, 100.0]"
333,"[0.0, 0.0, 0.0]","[58.0, 80.3, 94.8]","[5.4, 21.2, 35.3]","[None, None, None]","[16.7, 68.3, 100.0]"
334,"[0.0, 0.0, 0.0]","[73.5, 85.5, 95.9]","[0.0, 24.5, 38.9]","[None, None, None]","[47.8, 82.5, 98.3]"
335,"[0.0, 0.0, 0.0]","[61.3, 82.9, 93.8]","[0.0, 19.8, 31.7]","[None, None, None]","[23.2, 73.8, 100.0]"
336,"[0.0, 0.0, 0.0]","[70.1, 82.3, 90.6]","[5.4, 17.6, 35.3]","[None, None, None]","[31.1, 66.3, 94.5]"
337,"[0.0, 0.0, 0.0]","[65.1, 79.8, 89.6]","[0.0, 16.9, 33.5]","[None, None, None]","[9.3, 67.4, 93.3]"
338,"[0.0, 0.0, 0.0]","[67.4, 80.0, 87.6]","[0.0, 18.7, 38.9]","[44.3, 46.4, 48.2]","[20.4, 67.7, 96.3]"
339,"[0.0, 0.0, 0.0]","[63.3, 77.9, 96.3]","[0.0, 19.8, 37.1]","[None, None, None]","[26.4, 69.0, 96.7]"
340,"[0.0, 0.0, 0.0]","[62.4, 79.6, 91.7]","[0.0, 16.6, 25.9]","[None, None, None]","[11.9, 73.1, 100.0]"
341,"[0.0, 0.0, 0.0]","[67.2, 81.1, 95.5]","[7.6, 19.1, 31.7]","[None, None, None]","[27.8, 75.4, 100.0]"
342,"[0.0, 0.0, 0.0]","[62.0, 78.0, 89.5]","[0.0, 19.4, 31.7]","[None, None, None]","[27.8, 68.3, 90.9]"
343,"[0.0, 0.0, 0.0]","[60.9, 78.3, 90.3]","[7.6, 18.0, 35.3]","[None, None, None]","[18.5, 72.3, 90.1]"
344,"[0.0, 0.0, 0.0]","[70.6, 83.2, 95.1]","[9.4, 20.5, 96.5]","[None, None, None]","[31.1, 78.3, 100.0]"
345,"[0.0, 0.0, 0.0]","[73.1, 82.0, 95.8]","[9.4, 22.3, 51.8]","[None, None, None]","[6.4, 68.8, 93.8]"
346,"[0.0, 0.0, 0.0]","[70.1, 80.5, 93.9]","[0.0, 18.4, 39.6]","[None, None, None]","[0.0, 68.0, 100.0]"
347,"[0.0, 0.0, 0.0]","[69.6, 79.1, 96.3]","[3.6, 17.3, 27.7]","[None, None, None]","[41.7, 68.3, 98.6]"
348,"[0.0, 0.0, 0.0]","[68.3, 79.9, 93.9]","[3.6, 18.0, 29.5]","[None, None, None]","[23.6, 70.2, 100.0]"
349,"[0.0, 0.0, 0.0]","[66.9, 80.0, 96.0]","[0.0, 20.2, 38.9]","[38.9, 38.9, 38.9]","[28.7, 69.6, 98.2]"
350,"[0.0, 0.0, 0.0]","[67.6, 81.5, 95.2]","[5.4, 20.5, 33.5]","[44.6, 44.6, 44.6]","[26.6, 67.7, 93.3]"
351,"[0.0, 0.0, 0.0]","[68.9, 81.6, 91.7]","[3.6, 22.0, 53.6]","[50.0, 50.0, 50.0]","[35.7, 70.9, 99.7]"
352,"[0.0, 0.0, 0.0]","[53.8, 81.7, 98.0]","[0.0, 21.2, 46.4]","[None, None, None]","[0.0, 67.8, 100.0]"
353,"[0.0, 0.0, 0.0]","[62.2, 78.0, 88.9]","[8.6, 20.9, 40.7]","[57.6, 57.6, 57.6]","[11.1, 61.1, 100.0]"
354,"[0.0, 0.0, 0.0]","[62.5, 80.3, 97.5]","[0.0, 18.0, 35.3]","[None, None, None]","[10.4, 71.2, 97.8]"
355,"[0.0, 0.0, 0.0]","[58.0, 77.6, 92.6]","[0.0, 16.6, 25.9]","[42.5, 42.5, 42.5]","[0.0, 63.3, 95.0]"
356,"[0.0, 0.0, 0.0]","[61.9, 76.9, 94.8]","[0.0, 18.7, 38.9]","[None, None, None]","[0.0, 64.1, 100.0]"
357,"[0.0, 0.0, 0.0]","[64.1, 80.1, 93.7]","[0.0, 21.2, 42.5]","[51.8, 51.8, 51.8]","[0.0, 66.5, 100.0]"
358,"[0.0, 0.0, 0.0]","[63.2, 76.4, 90.4]","[5.4, 20.5, 42.5]","[None, None, None]","[0.0, 59.8, 96.6]"
359,"[0.0, 0.0, 0.0]","[64.9, 80.9, 92.1]","[3.6, 20.9, 37.1]","[None, None, None]","[21.6, 69.7, 98.8]"
360,"[0.0, 0.0, 0.0]","[61.8, 79.5, 90.3]","[0.0, 18.7, 35.3]","[38.9, 42.8, 46.4]","[0.0, 63.8, 97.5]"
361,"[0.0, 0.0, 0.0]","[69.6, 82.7, 93.5]","[0.0, 18.4, 38.9]","[None, None, None]","[21.4, 70.2, 99.2]"
362,"[0.0, 0.0, 0.0]","[62.9, 80.8, 94.2]","[0.0, 17.6, 42.5]","[50.0, 50.0, 50.0]","[30.0, 73.1, 100.0]"
363,"[0.0, 0.0, 0.0]","[68.2, 82.3, 93.3]","[0.0, 20.2, 46.4]","[48.2, 48.2, 48.2]","[30.0, 68.9, 99.1]"
364,"[0.0, 0.0, 0.0]","[62.6, 79.6, 97.7]","[3.6, 20.2, 35.3]","[None, None, None]","[38.9, 72.1, 97.5]"
365,"[0.0, 0.0, 0.0]","[56.8, 78.6, 93.2]","[0.0, 18.0, 38.9]","[None, None, None]","[6.9, 63.2, 100.0]"
366,"[0.0, 0.0, 0.0]","[57.9, 81.5, 91.9]","[0.0, 15.5, 27.7]","[None, None, None]","[27.8, 69.5, 100.0]"
367,"[0.0, 0.0, 0.0]","[61.5, 78.4, 94.9]","[9.4, 21.6, 46.4]","[51.8, 51.8, 51.8]","[27.8, 64.0, 98.2]"
368,"[0.0, 0.0, 0.0]","[69.8, 83.0, 91.3]","[0.0, 20.2, 38.9]","[37.1, 51.1, 64.8]","[27.8, 70.7, 100.0]"
369,"[0.0, 0.0, 0.0]","[65.5, 83.1, 93.7]","[3.6, 20.9, 37.1]","[38.9, 38.9, 38.9]","[38.9, 74.6, 98.8]"
370,"[0.0, 0.0, 0.0]","[69.7, 81.8, 93.2]","[5.4, 19.4, 33.5]","[None, None, None]","[43.6, 68.8, 100.0]"
371,"[0.0, 0.0, 0.0]","[72.5, 81.6, 92.2]","[7.6, 20.2, 35.3]","[None, None, None]","[47.2, 66.9, 100.0]"
372,"[0.0, 0.0, 0.0]","[69.5, 79.5, 88.1]","[5.4, 23.0, 44.6]","[74.2, 74.2, 74.2]","[5.0, 62.1, 98.0]"
373,"[0.0, 0.0, 0.0]","[69.1, 77.1, 88.5]","[0.0, 19.8, 40.7]","[46.4, 46.4, 46.4]","[19.6, 49.3, 86.0]"
374,"[0.0, 0.0, 0.0]","[49.7, 78.9, 95.1]","[3.6, 19.4, 30.6]","[None, None, None]","[0.0, 67.0, 100.0]"
375,"[0.0, 0.0, 0.0]","[65.8, 81.9, 94.4]","[5.4, 20.2, 37.1]","[None, None, None]","[0.0, 63.8, 99.1]"
376,"[0.0, 0.0, 0.0]","[71.8, 84.2, 94.4]","[1.8, 19.4, 38.9]","[None, None, None]","[0.0, 70.5, 100.0]"
377,"[0.0, 0.0, 0.0]","[65.1, 80.7, 94.5]","[7.6, 24.1, 38.9]","[53.6, 53.6, 53.6]","[43.7, 74.5, 100.0]"
378,"[0.0, 0.0, 0.0]","[68.8, 79.7, 95.6]","[0.0, 23.4, 37.1]","[42.5, 50.0, 57.6]","[16.7, 66.7, 100.0]"
379,"[0.0, 0.0, 0.0]","[73.1, 81.0, 93.5]","[0.0, 17.3, 38.9]","[None, None, None]","[25.7, 66.1, 100.0]"
380,"[0.0, 0.0, 0.0]","[67.4, 81.5, 93.5]","[0.0, 22.3, 35.3]","[48.2, 48.2, 48.2]","[37.4, 73.0, 100.0]"
381,"[0.0, 0.0, 0.0]","[67.2, 79.8, 88.7]","[5.4, 22.0, 33.5]","[None, None, None]","[27.8, 68.3, 100.0]"
382,"[0.0, 0.0, 0.0]","[68.5, 81.4, 93.7]","[7.2, 27.4, 116.6]","[53.6, 53.6, 53.6]","[11.1, 71.5, 100.0]"
383,"[0.0, 0.0, 0.0]","[72.3, 83.9, 93.7]","[3.6, 21.2, 44.3]","[None, None, None]","[0.0, 71.2, 98.3]"
384,"[0.0, 0.0, 0.0]","[65.1, 79.8, 91.4]","[0.0, 23.8, 51.8]","[None, None, None]","[30.9, 62.5, 100.0]"
385,"[0.0, 0.0, 0.0]","[63.6, 78.0, 94.3]","[0.0, 20.9, 38.9]","[51.8, 53.6, 55.4]","[27.8, 62.1, 98.3]"
386,"[0.0, 0.0, 0.0]","[68.8, 82.5, 97.5]","[5.8, 18.0, 33.5]","[None, None, None]","[35.0, 70.2, 100.0]"
387,"[0.0, 0.0, 0.0]","[67.3, 80.4, 89.5]","[0.0, 20.2, 42.5]","[44.6, 44.6, 44.6]","[31.7, 59.5, 93.2]"
388,"[0.0, 0.0, 0.0]","[53.3, 79.5, 97.9]","[0.0, 20.2, 38.9]","[57.6, 57.6, 57.6]","[27.5, 61.6, 98.8]"
389,"[0.0, 0.0, 0.0]","[63.6, 81.2, 91.5]","[3.6, 17.6, 50.0]","[None, None, None]","[12.3, 58.9, 95.0]"
390,"[0.0, 0.0, 0.0]","[55.5, 78.0, 91.1]","[7.6, 16.6, 37.1]","[42.5, 44.6, 46.4]","[19.4, 52.1, 93.3]"
391,"[0.0, 0.0, 0.0]","[50.2, 81.1, 92.9]","[0.0, 17.3, 35.3]","[None, None, None]","[0.0, 60.3, 100.0]"
392,"[0.0, 0.0, 0.0]","[56.8, 81.4, 93.0]","[5.4, 22.3, 48.2]","[51.8, 51.8, 51.8]","[27.8, 70.5, 98.0]"
393,"[0.0, 0.0, 0.0]","[69.6, 81.7, 94.2]","[7.6, 28.1, 96.5]","[None, None, None]","[27.8, 67.8, 100.0]"
394,"[0.0, 0.0, 0.0]","[61.4, 81.8, 94.5]","[0.0, 23.4, 40.7]","[None, None, None]","[37.8, 70.8, 100.0]"
395,"[0.0, 0.0, 0.0]","[55.7, 80.6, 92.9]","[0.0, 20.2, 37.1]","[None, None, None]","[28.6, 63.6, 98.0]"
396,"[0.0, 0.0, 0.0]","[61.6, 76.9, 96.4]","[0.0, 20.9, 42.5]","[None, None, None]","[16.7, 58.7, 100.0]"
397,"[0.0, 0.0, 0.0]","[71.2, 82.3, 93.2]","[0.0, 19.4, 38.9]","[None, None, None]","[0.0, 73.3, 100.0]"
398,"[0.0, 0.0, 0.0]","[64.5, 83.4, 95.0]","[0.0, 22.3, 37.1]","[None, None, None]","[46.1, 72.6, 100.0]"
399,"[0.0, 0.0, 0.0]","[69.4, 80.7, 92.0]","[0.0, 16.9, 37.1]","[57.6, 57.6, 57.6]","[17.4, 72.6, 96.8]"
400,"[0.0, 0.0, 0.0]","[69.7, 79.6, 94.0]","[0.0, 20.9, 42.5]","[None, None, None]","[23.3, 63.0, 98.3]"
401,"[0.0, 0.0, 0.0]","[63.2, 82.2, 96.3]","[5.4, 20.9, 40.7]","[None, None, None]","[27.8, 70.7, 99.1]"
402,"[0.0, 0.0, 0.0]","[67.0, 83.0, 96.9]","[3.6, 24.1, 42.5]","[57.2, 57.2, 57.2]","[28.9, 67.0, 100.0]"
403,"[0.0, 0.0, 0.0]","[64.1, 82.9, 96.9]","[3.6, 20.2, 31.7]","[None, None, None]","[23.1, 66.3, 94.6]"
404,"[0.0, 0.0, 0.0]","[67.7, 81.2, 92.1]","[0.0, 18.0, 42.5]","[None, None, None]","[2.8, 56.5, 92.0]"
405,"[0.0, 0.0, 0.0]","[65.8, 81.2, 93.9]","[0.0, 22.0, 50.0]","[51.8, 51.8, 51.8]","[31.0, 63.8, 100.0]"
406,"[0.0, 0.0, 0.0]","[65.1, 81.8, 98.5]","[3.6, 19.4, 40.7]","[37.1, 37.1, 37.1]","[13.9, 66.8, 100.0]"
407,"[0.0, 0.0, 0.0]","[63.3, 83.4, 95.0]","[5.4, 23.0, 48.2]","[50.0, 56.2, 61.2]","[31.5, 72.1, 100.0]"
408,"[0.0, 0.0, 0.0]","[68.1, 84.2, 93.1]","[0.0, 25.9, 63.0]","[50.0, 54.4, 59.4]","[36.1, 78.6, 100.0]"
409,"[0.0, 0.0, 0.0]","[64.6, 83.3, 100.0]","[0.0, 28.4, 55.4]","[64.8, 64.8, 64.8]","[14.9, 68.7, 100.0]"
410,"[0.0, 0.0, 0.0]","[67.8, 81.5, 100.0]","[0.0, 25.6, 57.2]","[53.6, 64.1, 74.2]","[27.8, 59.9, 95.5]"
411,"[0.0, 0.0, 0.0]","[68.3, 85.2, 96.4]","[0.0, 19.4, 46.4]","[92.5, 92.5, 92.5]","[30.0, 69.4, 100.0]"
412,"[0.0, 0.0, 0.0]","[75.0, 82.5, 96.0]","[0.0, 21.2, 44.6]","[None, None, None]","[32.5, 64.6, 100.0]"
413,"[0.0, 0.0, 0.0]","[65.0, 83.8, 99.8]","[0.0, 18.0, 38.9]","[44.3, 51.8, 59.4]","[7.5, 61.7, 100.0]"
414,"[0.0, 0.0, 0.0]","[76.1, 84.9, 95.7]","[0.0, 17.6, 64.8]","[40.7, 40.7, 40.7]","[0.0, 66.0, 100.0]"
415,"[0.0, 0.0, 0.0]","[61.1, 83.0, 97.6]","[0.0, 18.7, 53.6]","[74.2, 74.2, 74.2]","[0.0, 67.9, 100.0]"
416,"[0.0, 0.0, 0.0]","[68.4, 83.2, 97.1]","[0.0, 20.9, 43.2]","[None, None, None]","[0.0, 62.0, 100.0]"
417,"[0.0, 0.0, 0.0]","[48.9, 82.2, 94.2]","[3.6, 22.0, 46.4]","[50.0, 51.1, 51.8]","[0.0, 65.4, 100.0]"
418,"[0.0, 0.0, 0.0]","[71.4, 80.9, 93.8]","[0.0, 24.1, 50.4]","[63.0, 63.0, 63.0]","[3.3, 60.7, 99.7]"
419,"[0.0, 0.0, 0.0]","[66.5, 80.0, 90.3]","[5.4, 23.0, 51.8]","[44.6, 50.0, 55.4]","[8.3, 58.8, 95.0]"
420,"[0.0, 0.0, 0.0]","[69.6, 81.6, 91.0]","[0.0, 20.9, 44.6]","[57.6, 58.7, 59.4]","[17.9, 68.4, 98.3]"
421,"[0.0, 0.0, 0.0]","[65.9, 84.2, 95.6]","[0.0, 19.8, 33.5]","[None, None, None]","[32.7, 73.7, 100.0]"
422,"[0.0, 0.0, 0.0]","[61.3, 80.3, 93.7]","[0.0, 24.1, 42.5]","[None, None, None]","[16.7, 66.2, 100.0]"
423,"[0.0, 0.0, 0.0]","[70.2, 82.4, 93.2]","[5.4, 22.3, 44.3]","[63.0, 63.0, 63.0]","[0.0, 69.2, 100.0]"
424,"[0.0, 0.0, 0.0]","[69.0, 84.0, 94.4]","[0.0, 20.5, 37.1]","[None, None, None]","[27.8, 66.7, 99.7]"
425,"[0.0, 0.0, 0.0]","[57.4, 81.4, 92.6]","[0.0, 22.0, 50.0]","[None, None, None]","[26.5, 69.4, 100.0]"
426,"[0.0, 0.0, 0.0]","[60.6, 83.6, 94.7]","[0.0, 27.4, 185.0]","[44.3, 44.3, 44.3]","[15.9, 64.9, 98.6]"
427,"[0.0, 0.0, 0.0]","[56.2, 81.5, 100.0]","[3.6, 21.2, 48.2]","[38.9, 38.9, 38.9]","[6.7, 59.8, 90.0]"
428,"[0.0, 0.0, 0.0]","[64.6, 81.5, 95.4]","[5.4, 23.8, 55.4]","[44.3, 60.1, 76.0]","[22.2, 72.0, 100.0]"
429,"[0.0, 0.0, 0.0]","[68.9, 83.6, 96.2]","[5.4, 25.6, 51.8]","[76.0, 76.0, 76.0]","[38.9, 71.5, 100.0]"
430,"[0.0, 0.0, 0.0]","[64.3, 82.0, 91.8]","[3.6, 23.0, 42.5]","[44.6, 49.3, 53.6]","[37.3, 67.7, 97.9]"
431,"[0.0, 0.0, 0.0]","[61.5, 81.6, 95.2]","[3.6, 24.5, 48.2]","[42.5, 51.8, 66.6]","[4.6, 59.4, 100.0]"
432,"[0.0, 0.0, 0.0]","[58.9, 81.8, 96.7]","[0.0, 24.5, 51.8]","[59.4, 59.4, 59.4]","[23.8, 64.2, 100.0]"
433,"[0.0, 0.0, 0.0]","[58.6, 81.4, 96.0]","[0.0, 24.1, 40.7]","[None, None, None]","[36.7, 67.2, 100.0]"
434,"[0.0, 0.0, 0.0]","[67.1, 81.5, 93.8]","[0.0, 19.8, 35.3]","[37.1, 37.1, 37.1]","[24.7, 70.1, 100.0]"
435,"[0.0, 0.0, 0.0]","[66.7, 81.7, 93.8]","[0.0, 25.2, 51.8]","[72.4, 72.4, 72.4]","[9.3, 73.0, 100.0]"
436,"[0.0, 0.0, 0.0]","[64.0, 79.7, 96.6]","[0.0, 24.8, 59.0]","[None, None, None]","[27.8, 66.8, 100.0]"
437,"[0.0, 0.0, 0.0]","[64.3, 81.7, 95.7]","[5.4, 18.7, 31.3]","[None, None, None]","[0.0, 65.9, 100.0]"
438,"[0.0, 0.0, 0.0]","[67.2, 83.8, 94.1]","[0.0, 21.2, 48.2]","[None, None, None]","[0.0, 69.5, 100.0]"
439,"[0.0, 0.0, 0.0]","[61.4, 81.9, 93.2]","[0.0, 15.8, 35.3]","[44.6, 44.6, 44.6]","[11.1, 62.9, 100.0]"
440,"[0.0, 0.0, 0.0]","[68.6, 83.4, 95.7]","[0.0, 17.6, 38.9]","[None, None, None]","[27.8, 70.7, 100.0]"
441,"[0.0, 0.0, 0.0]","[54.7, 78.4, 96.9]","[3.6, 21.2, 44.3]","[44.3, 44.3, 44.3]","[27.8, 62.6, 100.0]"
442,"[0.0, 0.0, 0.0]","[63.9, 77.8, 86.7]","[5.4, 21.2, 59.0]","[40.7, 42.5, 44.3]","[27.8, 59.5, 100.0]"
443,"[0.0, 0.0, 0.0]","[71.2, 82.4, 97.7]","[0.0, 20.9, 50.0]","[None, None, None]","[7.4, 66.5, 97.3]"
444,"[0.0, 0.0, 0.0]","[70.0, 81.3, 90.9]","[7.6, 25.2, 50.0]","[51.8, 51.8, 51.8]","[14.0, 66.8, 97.1]"
445,"[0.0, 0.0, 0.0]","[66.7, 84.3, 95.2]","[0.0, 21.6, 38.9]","[64.8, 64.8, 64.8]","[22.8, 74.1, 100.0]"
446,"[0.0, 0.0, 0.0]","[58.3, 82.4, 95.2]","[9.4, 20.2, 37.1]","[None, None, None]","[23.1, 63.7, 100.0]"
447,"[0.0, 0.0, 0.0]","[62.1, 84.0, 95.3]","[5.4, 26.3, 66.6]","[66.6, 82.4, 98.3]","[34.4, 70.2, 100.0]"
448,"[0.0, 0.0, 0.0]","[67.5, 81.4, 93.5]","[0.0, 27.7, 50.0]","[None, None, None]","[24.7, 66.1, 100.0]"
449,"[0.0, 0.0, 0.0]","[70.4, 85.9, 94.7]","[0.0, 23.4, 44.6]","[86.4, 86.4, 86.4]","[27.5, 73.7, 100.0]"
450,"[0.0, 0.0, 0.0]","[73.8, 84.2, 95.0]","[0.0, 22.0, 37.1]","[None, None, None]","[24.1, 65.6, 100.0]"
451,"[0.0, 0.0, 0.0]","[68.1, 84.9, 95.2]","[11.2, 26.6, 51.8]","[57.2, 57.2, 57.2]","[32.2, 70.7, 100.0]"
452,"[0.0, 0.0, 0.0]","[66.8, 84.2, 92.9]","[11.2, 32.8, 55.4]","[40.7, 67.0, 115.2]","[41.7, 75.3, 100.0]"
453,"[0.0, 0.0, 0.0]","[61.1, 82.7, 93.1]","[7.6, 30.6, 55.4]","[57.2, 57.2, 57.2]","[27.8, 69.3, 94.0]"
454,"[0.0, 0.0, 0.0]","[65.7, 82.4, 93.7]","[7.6, 25.9, 53.6]","[40.7, 40.7, 40.7]","[27.8, 62.7, 96.4]"
455,"[0.0, 0.0, 0.0]","[59.7, 82.0, 96.0]","[0.0, 24.8, 57.2]","[38.9, 40.7, 42.5]","[27.8, 71.0, 100.0]"
456,"[0.0, 0.0, 0.0]","[67.2, 83.1, 96.8]","[5.4, 22.0, 50.0]","[48.2, 48.2, 48.2]","[16.7, 64.1, 100.0]"
457,"[0.0, 0.0, 0.0]","[62.8, 82.0, 96.0]","[3.6, 27.7, 64.8]","[51.8, 55.1, 59.4]","[6.9, 68.5, 98.3]"
458,"[0.0, 0.0, 0.0]","[74.1, 84.0, 97.8]","[0.0, 20.5, 35.3]","[40.7, 47.2, 53.6]","[19.7, 64.3, 100.0]"
459,"[0.0, 0.0, 0.0]","[74.1, 83.4, 95.2]","[0.0, 25.9, 66.6]","[48.2, 48.2, 48.2]","[33.3, 67.8, 100.0]"
460,"[0.0, 0.0, 0.0]","[73.6, 85.5, 93.2]","[0.0, 20.9, 37.1]","[44.3, 49.0, 53.6]","[37.7, 76.5, 100.0]"
461,"[0.0, 0.0, 0.0]","[66.3, 82.0, 96.9]","[0.0, 23.4, 50.0]","[None, None, None]","[18.3, 63.1, 98.3]"
462,"[0.0, 0.0, 0.0]","[66.4, 83.4, 95.9]","[0.0, 22.0, 63.0]","[None, None, None]","[27.8, 69.3, 95.3]"
463,"[0.0, 0.0, 0.0]","[57.9, 82.3, 95.8]","[3.6, 32.4, 61.2]","[53.6, 67.7, 81.7]","[27.8, 68.8, 100.0]"
464,"[0.0, 0.0, 0.0]","[67.9, 82.7, 92.8]","[5.4, 26.3, 55.4]","[37.1, 66.6, 96.5]","[16.7, 67.5, 98.7]"
465,"[0.0, 0.0, 0.0]","[62.0, 79.5, 91.4]","[3.6, 27.4, 57.2]","[37.1, 57.6, 77.8]","[0.0, 67.3, 95.0]"
466,"[0.0, 0.0, 0.0]","[62.4, 80.7, 94.4]","[7.6, 23.0, 53.6]","[44.3, 57.2, 64.8]","[34.4, 71.2, 98.2]"
467,"[0.0, 0.0, 0.0]","[65.7, 84.1, 95.6]","[11.2, 26.6, 50.0]","[64.8, 64.8, 64.8]","[11.9, 63.6, 100.0]"
468,"[0.0, 0.0, 0.0]","[66.6, 82.4, 95.0]","[3.6, 29.9, 68.4]","[44.3, 44.3, 44.3]","[37.3, 75.3, 100.0]"
469,"[0.0, 0.0, 0.0]","[69.1, 83.5, 95.2]","[0.0, 29.2, 51.8]","[72.4, 72.4, 72.4]","[34.1, 72.8, 97.3]"
470,"[0.0, 0.0, 0.0]","[68.2, 83.6, 96.9]","[5.4, 41.4, 322.2]","[44.3, 50.0, 55.4]","[34.6, 73.4, 100.0]"
471,"[0.0, 0.0, 0.0]","[60.2, 85.8, 97.8]","[0.0, 26.6, 46.4]","[61.2, 64.1, 66.6]","[0.0, 74.2, 100.0]"
472,"[0.0, 0.0, 0.0]","[70.2, 85.3, 96.5]","[0.0, 22.0, 46.4]","[None, None, None]","[6.9, 67.8, 94.4]"
473,"[0.0, 0.0, 0.0]","[70.7, 83.9, 97.6]","[0.0, 25.9, 59.4]","[51.8, 58.7, 63.0]","[27.8, 67.8, 100.0]"
474,"[0.0, 0.0, 0.0]","[62.7, 85.0, 97.0]","[0.0, 22.3, 46.4]","[46.4, 46.4, 46.4]","[19.8, 69.4, 100.0]"
475,"[0.0, 0.0, 0.0]","[47.9, 82.4, 98.0]","[5.4, 24.8, 53.6]","[66.6, 66.6, 66.6]","[0.0, 62.4, 97.8]"
476,"[0.0, 0.0, 0.0]","[66.7, 82.5, 97.9]","[9.4, 22.3, 44.3]","[50.0, 50.0, 50.0]","[23.8, 64.4, 97.3]"
477,"[0.0, 0.3, 4.1]","[66.4, 83.4, 96.1]","[9.4, 25.6, 48.2]","[44.3, 52.9, 61.2]","[29.0, 66.8, 99.2]"
478,"[0.0, 0.0, 0.0]","[59.6, 80.6, 94.9]","[9.4, 25.6, 57.2]","[None, None, None]","[18.5, 58.9, 95.6]"
479,"[0.0, 0.0, 0.0]","[64.1, 80.6, 92.4]","[0.0, 23.0, 51.8]","[50.0, 50.0, 50.0]","[5.6, 62.9, 100.0]"
480,"[0.0, 0.0, 0.0]","[69.2, 87.1, 97.3]","[5.4, 21.2, 42.5]","[57.2, 57.2, 57.2]","[27.4, 69.5, 100.0]"
481,"[0.0, 0.0, 0.0]","[67.1, 84.0, 99.1]","[5.4, 28.1, 55.4]","[48.2, 57.6, 66.6]","[23.1, 64.8, 100.0]"
482,"[0.0, 0.0, 0.0]","[62.5, 84.4, 94.1]","[5.4, 27.0, 92.5]","[37.1, 37.1, 37.1]","[44.4, 70.1, 94.7]"
483,"[0.0, 0.0, 0.0]","[66.6, 83.9, 96.2]","[7.6, 29.2, 87.1]","[72.4, 72.4, 72.4]","[27.8, 69.7, 100.0]"
484,"[0.0, 0.0, 0.0]","[54.0, 79.2, 93.8]","[7.6, 27.0, 55.4]","[61.2, 63.0, 64.8]","[27.8, 71.0, 96.3]"
485,"[0.0, 0.0, 0.0]","[62.7, 82.8, 98.0]","[0.0, 20.9, 42.5]","[61.2, 68.4, 79.2]","[22.6, 58.4, 98.4]"
486,"[0.0, 0.0, 0.0]","[56.6, 84.1, 93.6]","[0.0, 25.6, 64.8]","[76.0, 84.2, 92.5]","[8.3, 68.9, 100.0]"
487,"[0.0, 0.0, 0.0]","[59.9, 86.1, 96.5]","[0.0, 24.5, 50.0]","[None, None, None]","[27.8, 74.0, 100.0]"
488,"[0.0, 0.0, 0.0]","[66.3, 86.3, 97.9]","[0.0, 19.4, 55.4]","[None, None, None]","[20.7, 61.1, 100.0]"
489,"[0.0, 0.0, 0.0]","[76.4, 86.9, 98.1]","[5.4, 21.6, 46.4]","[51.8, 51.8, 51.8]","[4.6, 59.6, 98.8]"
490,"[0.0, 0.0, 0.0]","[79.5, 86.9, 96.1]","[5.4, 20.5, 43.2]","[None, None, None]","[18.5, 68.4, 100.0]"
491,"[0.0, 0.0, 0.0]","[67.9, 85.7, 97.2]","[0.0, 28.8, 64.8]","[59.4, 65.5, 72.4]","[44.4, 72.8, 100.0]"
492,"[0.0, 0.0, 0.0]","[64.0, 83.1, 97.2]","[9.4, 24.8, 72.4]","[46.4, 74.9, 103.7]","[0.0, 53.4, 95.0]"
493,"[0.0, 0.0, 0.0]","[66.0, 85.7, 96.0]","[0.0, 25.2, 44.6]","[37.1, 54.4, 74.2]","[13.9, 62.3, 93.8]"
494,"[0.0, 0.0, 0.0]","[65.6, 83.7, 93.5]","[5.4, 30.6, 66.6]","[51.8, 69.5, 96.5]","[4.6, 67.5, 98.3]"
495,"[0.0, 0.0, 0.0]","[72.1, 84.4, 92.7]","[0.0, 27.0, 66.6]","[40.7, 69.1, 101.9]","[27.8, 65.5, 100.0]"
496,"[0.0, 0.0, 0.0]","[64.7, 82.4, 97.7]","[3.6, 24.5, 44.6]","[59.4, 64.1, 68.4]","[20.1, 61.0, 100.0]"
497,"[0.0, 0.0, 0.0]","[67.2, 84.8, 99.3]","[0.0, 27.4, 66.6]","[44.3, 63.7, 90.7]","[0.0, 57.9, 100.0]"
498,"[0.0, 0.0, 0.0]","[67.8, 85.1, 98.5]","[0.0, 26.6, 66.6]","[38.9, 53.3, 77.8]","[0.0, 59.9, 97.8]"
499,"[0.0, 0.0, 0.0]","[67.9, 87.3, 96.7]","[0.0, 16.9, 40.7]","[44.3, 44.3, 44.3]","[0.0, 60.8, 100.0]"
500,"[0.0, 0.0, 0.0]","[60.6, 82.8, 97.2]","[0.0, 24.5, 48.2]","[44.6, 50.8, 53.6]","[17.5, 66.3, 100.0]"
501,"[0.0, 0.0, 0.0]","[73.4, 85.8, 98.1]","[0.0, 26.6, 68.4]","[66.6, 85.7, 104.4]","[36.0, 77.8, 100.0]"
502,"[0.0, 0.0, 0.0]","[72.7, 85.2, 100.0]","[0.0, 25.6, 48.2]","[87.1, 87.1, 87.1]","[27.8, 71.1, 100.0]"
503,"[0.0, 0.0, 0.0]","[61.3, 84.0, 96.6]","[3.6, 23.8, 55.4]","[40.7, 45.7, 51.8]","[27.8, 74.6, 100.0]"
504,"[0.0, 0.0, 0.0]","[73.2, 83.8, 93.2]","[2.5, 21.6, 55.4]","[None, None, None]","[0.0, 61.0, 98.4]"
505,"[0.0, 0.0, 0.0]","[72.9, 87.5, 100.0]","[3.6, 20.9, 48.2]","[48.2, 58.7, 72.4]","[1.7, 65.5, 97.8]"
506,"[0.0, 0.0, 0.0]","[73.5, 84.9, 98.3]","[0.0, 29.5, 57.6]","[55.4, 61.2, 77.8]","[0.0, 60.2, 93.8]"
507,"[0.0, 0.0, 0.0]","[73.1, 83.7, 93.2]","[3.6, 26.6, 68.4]","[44.6, 62.6, 81.7]","[40.5, 72.7, 100.0]"
508,"[0.0, 0.0, 0.0]","[73.4, 85.8, 97.1]","[0.0, 27.0, 66.6]","[53.6, 63.7, 81.7]","[0.0, 71.3, 94.6]"
509,"[0.0, 0.0, 0.0]","[72.8, 86.4, 96.2]","[0.0, 23.0, 50.0]","[59.4, 65.2, 70.6]","[30.0, 70.1, 100.0]"
510,"[0.0, 0.0, 0.0]","[75.9, 87.6, 96.7]","[0.0, 29.9, 77.8]","[64.8, 72.7, 76.0]","[22.2, 73.1, 100.0]"
511,"[0.0, 0.0, 0.0]","[70.5, 87.1, 98.0]","[0.0, 29.5, 57.6]","[53.6, 72.4, 85.3]","[9.3, 70.8, 100.0]"
512,"[0.0, 0.0, 0.0]","[68.9, 89.4, 98.2]","[0.0, 22.3, 53.6]","[None, None, None]","[4.8, 72.6, 100.0]"
513,"[0.0, 0.0, 0.0]","[80.2, 89.6, 96.1]","[0.0, 20.5, 46.4]","[None, None, None]","[22.8, 72.8, 98.1]"
514,"[0.0, 0.0, 0.0]","[72.6, 86.6, 93.5]","[0.0, 22.7, 48.2]","[None, None, None]","[4.0, 64.8, 100.0]"
515,"[0.0, 0.0, 0.0]","[65.9, 82.7, 94.4]","[0.0, 31.0, 109.1]","[55.4, 55.4, 55.4]","[22.2, 61.2, 95.3]"
516,"[0.0, 0.0, 0.0]","[74.6, 83.1, 92.9]","[5.4, 26.6, 66.6]","[51.8, 54.4, 59.4]","[25.4, 66.2, 100.0]"
517,"[0.0, 0.0, 0.0]","[78.9, 88.8, 96.2]","[0.0, 28.8, 64.8]","[64.8, 64.8, 64.8]","[19.2, 74.0, 100.0]"
518,"[0.0, 0.0, 0.0]","[68.1, 89.1, 97.7]","[0.0, 24.8, 72.4]","[53.6, 69.5, 85.3]","[40.9, 81.0, 100.0]"
519,"[0.0, 0.0, 0.0]","[76.9, 87.4, 97.8]","[0.0, 25.2, 55.4]","[None, None, None]","[29.4, 72.1, 100.0]"
520,"[0.0, 0.0, 0.0]","[72.3, 84.8, 96.3]","[0.0, 26.6, 68.4]","[None, None, None]","[54.7, 78.6, 100.0]"
521,"[0.0, 0.0, 0.0]","[71.8, 83.9, 97.8]","[0.0, 28.4, 53.6]","[42.5, 67.7, 92.5]","[27.8, 76.7, 100.0]"
522,"[0.0, 0.0, 0.0]","[62.3, 83.7, 98.5]","[0.0, 20.5, 63.0]","[None, None, None]","[2.0, 71.0, 100.0]"
523,"[0.0, 0.0, 0.0]","[67.4, 85.4, 98.5]","[0.0, 21.2, 61.2]","[50.0, 52.9, 55.4]","[0.0, 59.6, 100.0]"
524,"[0.0, 0.0, 0.0]","[60.9, 85.6, 98.9]","[3.6, 25.6, 46.4]","[42.5, 54.4, 61.2]","[17.0, 71.6, 98.2]"
525,"[0.0, 0.0, 0.0]","[77.0, 88.5, 100.0]","[0.0, 24.8, 59.0]","[50.0, 61.6, 68.4]","[18.8, 71.8, 100.0]"
526,"[0.0, 0.0, 0.0]","[52.7, 84.3, 97.6]","[0.0, 25.6, 53.6]","[40.7, 59.8, 76.0]","[0.0, 61.6, 98.6]"
527,"[0.0, 0.0, 0.0]","[64.2, 83.3, 96.7]","[0.0, 28.1, 68.4]","[55.4, 69.5, 83.5]","[4.0, 61.7, 100.0]"
528,"[0.0, 0.0, 0.0]","[70.5, 85.2, 97.1]","[5.4, 28.1, 76.0]","[107.6, 107.6, 107.6]","[16.7, 69.2, 100.0]"
529,"[0.0, 0.0, 0.0]","[69.2, 86.1, 97.9]","[0.0, 30.2, 70.6]","[25.9, 58.7, 92.5]","[9.7, 67.3, 100.0]"
530,"[0.0, 0.0, 0.0]","[64.2, 82.3, 92.8]","[0.0, 37.1, 105.5]","[48.2, 57.6, 76.0]","[11.9, 70.4, 100.0]"
531,"[0.0, 0.0, 0.0]","[62.3, 85.7, 96.2]","[0.0, 31.3, 63.0]","[42.5, 67.3, 88.9]","[30.0, 72.4, 100.0]"
532,"[0.0, 0.0, 0.0]","[73.4, 85.1, 98.0]","[0.0, 27.7, 59.4]","[50.0, 53.6, 59.4]","[36.1, 70.0, 100.0]"
533,"[0.0, 0.0, 0.0]","[75.9, 84.9, 100.0]","[9.4, 33.8, 85.0]","[38.9, 62.3, 85.3]","[28.2, 73.9, 100.0]"
534,"[0.0, 0.0, 0.0]","[67.6, 83.2, 97.2]","[9.4, 30.2, 61.2]","[59.4, 59.4, 59.4]","[18.3, 67.1, 98.6]"
535,"[0.0, 0.0, 0.0]","[62.5, 84.5, 95.4]","[4.7, 23.4, 74.2]","[None, None, None]","[11.9, 74.3, 100.0]"
536,"[0.0, 0.0, 0.0]","[64.9, 83.9, 95.6]","[5.4, 25.6, 44.3]","[46.4, 49.3, 51.8]","[36.1, 78.6, 100.0]"
537,"[0.0, 0.0, 0.0]","[61.6, 86.1, 98.0]","[0.0, 22.0, 46.4]","[68.4, 68.4, 68.4]","[30.6, 70.1, 100.0]"
538,"[0.0, 0.0, 0.0]","[63.7, 85.3, 95.3]","[0.0, 24.8, 74.2]","[38.9, 38.9, 38.9]","[13.9, 77.8, 100.0]"
539,"[0.0, 0.0, 0.0]","[70.7, 83.0, 92.5]","[0.0, 24.5, 46.4]","[51.8, 54.7, 57.6]","[27.8, 69.7, 100.0]"
540,"[0.0, 0.0, 0.0]","[71.4, 87.2, 98.4]","[0.0, 20.2, 53.6]","[55.4, 55.4, 55.4]","[21.1, 68.4, 100.0]"
541,"[0.0, 0.0, 0.0]","[63.2, 87.3, 97.0]","[0.0, 18.7, 42.5]","[46.4, 54.0, 61.2]","[38.9, 71.3, 100.0]"
542,"[0.0, 0.0, 0.0]","[70.6, 84.1, 95.4]","[0.0, 26.6, 66.6]","[79.6, 79.6, 79.6]","[38.9, 73.1, 100.0]"
543,"[0.0, 0.0, 0.0]","[73.1, 85.6, 94.3]","[0.0, 30.6, 53.6]","[59.4, 65.5, 74.2]","[31.6, 69.8, 100.0]"
544,"[0.0, 0.0, 0.0]","[62.3, 84.1, 96.3]","[0.0, 28.4, 51.8]","[68.4, 75.2, 83.5]","[27.8, 68.8, 100.0]"
545,"[0.0, 0.0, 0.0]","[59.2, 84.5, 96.0]","[0.0, 23.4, 53.6]","[44.6, 55.4, 66.6]","[27.8, 70.5, 100.0]"
546,"[0.0, 0.1, 1.0]","[69.3, 81.4, 91.7]","[0.0, 31.7, 91.8]","[55.4, 55.4, 55.4]","[27.3, 68.2, 100.0]"
547,"[0.0, 0.0, 0.0]","[63.1, 81.9, 91.9]","[5.4, 25.6, 72.4]","[96.5, 96.5, 96.5]","[24.7, 59.6, 98.3]"
548,"[0.0, 0.0, 0.0]","[64.4, 82.4, 94.4]","[3.6, 31.7, 72.4]","[50.0, 80.3, 100.1]","[27.8, 68.9, 100.0]"
549,"[0.0, 0.0, 0.0]","[60.1, 87.1, 97.0]","[10.1, 27.4, 48.2]","[57.6, 61.2, 64.8]","[13.9, 79.2, 100.0]"
550,"[0.0, 0.0, 0.0]","[60.8, 81.6, 95.6]","[0.0, 29.9, 72.4]","[98.3, 98.3, 98.3]","[12.3, 63.6, 100.0]"
551,"[0.0, 0.0, 0.0]","[68.2, 82.5, 92.7]","[0.0, 25.6, 63.0]","[66.6, 71.3, 76.0]","[0.0, 70.8, 100.0]"
552,"[0.0, 0.0, 0.0]","[65.6, 81.1, 93.5]","[0.0, 33.5, 86.4]","[63.0, 98.6, 136.8]","[29.4, 66.7, 100.0]"
553,"[0.0, 0.0, 0.0]","[73.9, 85.7, 99.6]","[0.0, 31.7, 79.6]","[77.8, 85.3, 92.5]","[27.8, 68.4, 100.0]"
554,"[0.0, 0.0, 0.0]","[71.6, 85.6, 99.4]","[3.6, 24.1, 48.2]","[40.7, 48.2, 55.4]","[35.2, 69.0, 100.0]"
555,"[0.0, 0.0, 0.0]","[69.7, 83.6, 93.0]","[3.6, 25.2, 59.0]","[42.5, 51.8, 59.4]","[9.8, 59.4, 100.0]"
556,"[0.0, 0.0, 0.0]","[49.2, 82.4, 95.2]","[0.0, 25.2, 57.6]","[38.9, 51.1, 63.0]","[13.0, 62.1, 100.0]"
557,"[0.0, 0.0, 0.0]","[69.6, 81.3, 89.4]","[0.0, 29.5, 57.2]","[59.4, 63.0, 66.6]","[2.0, 64.1, 100.0]"
558,"[0.0, 0.0, 0.0]","[63.5, 84.1, 96.0]","[0.0, 25.2, 77.8]","[109.4, 109.4, 109.4]","[30.0, 69.6, 100.0]"
559,"[0.0, 0.0, 0.0]","[50.0, 82.5, 94.3]","[0.0, 25.2, 61.2]","[77.8, 77.8, 77.8]","[16.7, 67.4, 100.0]"
560,"[0.0, 0.0, 0.0]","[57.7, 82.0, 99.1]","[0.0, 24.8, 54.0]","[48.2, 48.2, 48.2]","[25.0, 64.2, 97.8]"
561,"[0.0, 0.0, 0.0]","[57.2, 82.8, 98.8]","[0.0, 26.6, 70.2]","[40.7, 52.9, 64.8]","[0.0, 61.8, 100.0]"
562,"[0.0, 0.0, 0.0]","[50.8, 79.6, 97.9]","[0.0, 24.8, 53.6]","[33.5, 48.2, 63.0]","[11.7, 59.9, 100.0]"
563,"[0.0, 0.0, 0.0]","[48.1, 80.2, 97.0]","[0.0, 22.7, 38.9]","[46.4, 54.0, 61.2]","[10.4, 59.8, 100.0]"
564,"[0.0, 0.0, 0.0]","[67.6, 81.5, 92.9]","[0.0, 25.6, 48.2]","[63.0, 68.0, 76.0]","[10.1, 67.9, 100.0]"
565,"[0.0, 0.0, 0.0]","[72.7, 82.8, 96.4]","[3.6, 25.6, 51.8]","[57.6, 70.6, 90.7]","[44.4, 74.9, 100.0]"
566,"[0.0, 0.0, 0.0]","[66.2, 82.4, 94.5]","[3.6, 23.0, 46.4]","[37.1, 49.7, 59.4]","[23.7, 58.3, 100.0]"
567,"[0.0, 0.0, 0.0]","[59.7, 82.1, 95.8]","[0.0, 24.5, 56.5]","[48.2, 56.9, 68.4]","[3.4, 58.8, 100.0]"
568,"[0.0, 0.0, 0.0]","[66.1, 81.8, 94.6]","[0.0, 24.5, 66.6]","[None, None, None]","[10.9, 58.3, 100.0]"
569,"[0.0, 0.0, 0.0]","[70.0, 82.9, 95.6]","[0.0, 28.1, 50.0]","[40.7, 58.3, 70.6]","[35.6, 71.2, 100.0]"
570,"[0.0, 0.0, 0.0]","[58.7, 82.0, 95.7]","[0.0, 26.6, 54.0]","[70.6, 82.1, 93.6]","[18.6, 71.5, 100.0]"
571,"[0.0, 0.0, 0.0]","[67.0, 79.2, 95.2]","[5.4, 37.4, 74.2]","[74.2, 75.2, 76.0]","[32.2, 64.5, 97.1]"
572,"[0.0, 0.0, 0.0]","[62.9, 80.9, 96.3]","[5.4, 34.2, 59.4]","[63.0, 70.2, 81.7]","[34.4, 72.9, 99.1]"
573,"[0.0, 0.0, 0.0]","[65.7, 79.9, 95.8]","[0.0, 29.5, 61.2]","[44.6, 64.1, 83.5]","[26.3, 69.3, 98.8]"
574,"[0.0, 0.0, 0.0]","[49.1, 77.7, 92.5]","[9.4, 25.6, 44.6]","[63.0, 63.0, 63.0]","[0.0, 56.4, 95.1]"
575,"[0.0, 0.0, 0.0]","[51.5, 76.0, 94.1]","[11.2, 27.7, 53.6]","[40.7, 57.6, 74.2]","[4.0, 58.2, 100.0]"
576,"[0.0, 0.0, 0.0]","[58.5, 75.8, 96.6]","[0.0, 26.6, 61.2]","[53.6, 55.8, 57.6]","[0.0, 58.2, 100.0]"
577,"[0.0, 0.0, 0.0]","[48.5, 78.1, 95.7]","[0.0, 24.1, 55.4]","[42.5, 47.2, 51.8]","[0.0, 57.0, 98.2]"
578,"[0.0, 0.0, 0.0]","[68.9, 80.7, 91.7]","[0.0, 23.4, 55.4]","[72.4, 72.4, 72.4]","[0.0, 55.7, 100.0]"
579,"[0.0, 0.0, 0.0]","[69.8, 80.6, 93.2]","[12.2, 25.2, 48.2]","[66.6, 66.6, 66.6]","[0.0, 56.3, 90.7]"
580,"[0.0, 0.0, 0.0]","[65.2, 84.3, 96.4]","[0.0, 22.0, 44.6]","[38.9, 38.9, 38.9]","[17.4, 65.9, 100.0]"
581,"[0.0, 0.0, 0.0]","[64.8, 79.2, 91.7]","[0.0, 24.5, 44.3]","[46.4, 48.2, 50.0]","[23.8, 61.3, 100.0]"
582,"[0.0, 0.0, 0.0]","[62.1, 81.9, 94.4]","[0.0, 21.2, 47.2]","[51.8, 51.8, 51.8]","[27.0, 64.1, 100.0]"
583,"[0.0, 0.0, 0.0]","[66.0, 81.1, 91.7]","[0.0, 25.9, 74.2]","[48.2, 56.2, 61.2]","[30.1, 70.6, 100.0]"
584,"[0.0, 0.0, 0.0]","[65.9, 81.4, 94.1]","[13.0, 29.9, 92.5]","[44.3, 61.2, 74.2]","[25.5, 66.0, 100.0]"
585,"[0.0, 0.0, 0.0]","[76.3, 84.4, 96.7]","[7.6, 26.3, 48.2]","[44.6, 55.4, 68.4]","[9.6, 73.9, 99.1]"
586,"[0.0, 0.0, 0.0]","[63.3, 81.6, 93.7]","[0.0, 28.4, 63.0]","[40.7, 64.8, 88.9]","[32.2, 70.1, 100.0]"
587,"[0.0, 0.0, 0.0]","[67.1, 80.9, 96.3]","[0.0, 27.4, 63.0]","[None, None, None]","[27.8, 69.9, 100.0]"
588,"[0.0, 0.0, 0.0]","[41.6, 80.3, 96.5]","[5.4, 32.0, 51.8]","[59.4, 64.1, 68.4]","[33.3, 74.5, 100.0]"
589,"[0.0, 0.0, 0.0]","[61.6, 80.4, 95.8]","[7.6, 28.1, 53.6]","[55.4, 67.3, 76.0]","[21.3, 66.1, 99.1]"
590,"[0.0, 0.0, 0.0]","[61.3, 80.2, 92.7]","[3.6, 19.8, 53.6]","[53.6, 53.6, 53.6]","[11.5, 57.0, 100.0]"
591,"[0.0, 0.0, 0.0]","[62.1, 78.0, 89.7]","[0.0, 26.6, 44.6]","[51.8, 59.8, 70.6]","[0.0, 66.7, 100.0]"
592,"[0.0, 0.0, 0.0]","[54.8, 78.0, 97.3]","[0.0, 37.4, 142.6]","[None, None, None]","[0.0, 65.8, 100.0]"
593,"[0.0, 0.0, 0.0]","[63.3, 81.1, 94.3]","[0.0, 30.2, 59.0]","[48.2, 51.8, 55.4]","[10.4, 59.0, 99.2]"
594,"[0.0, 0.0, 0.0]","[55.4, 76.7, 91.5]","[0.0, 27.4, 55.4]","[50.0, 50.0, 50.0]","[31.5, 61.2, 100.0]"
595,"[0.0, 0.0, 0.0]","[68.4, 81.6, 98.3]","[0.0, 24.8, 64.8]","[59.4, 59.4, 59.4]","[7.8, 58.9, 100.0]"
596,"[0.0, 0.0, 0.0]","[55.3, 80.4, 100.0]","[0.0, 22.0, 46.4]","[46.4, 50.0, 53.6]","[22.1, 60.8, 89.3]"
597,"[0.0, 0.0, 0.0]","[62.3, 77.4, 92.8]","[0.0, 25.2, 53.6]","[55.4, 70.2, 85.3]","[0.0, 54.6, 100.0]"
598,"[0.0, 0.0, 0.0]","[54.5, 76.5, 94.3]","[9.4, 29.2, 72.0]","[46.4, 52.9, 59.4]","[27.8, 65.6, 100.0]"
599,"[0.0, 0.0, 0.0]","[59.0, 77.4, 90.4]","[7.6, 25.2, 48.2]","[63.0, 63.0, 63.0]","[15.9, 66.3, 100.0]"
600,"[0.0, 0.0, 0.0]","[56.9, 74.1, 87.5]","[3.6, 25.6, 42.5]","[None, None, None]","[22.2, 61.6, 98.4]"
601,"[0.0, 0.0, 0.0]","[47.8, 77.7, 90.9]","[9.4, 24.5, 50.0]","[55.4, 61.9, 68.4]","[0.0, 67.4, 99.1]"
602,"[0.0, 0.0, 0.0]","[46.7, 74.6, 89.5]","[7.6, 23.0, 48.2]","[None, None, None]","[0.0, 57.6, 96.6]"
603,"[0.0, 0.0, 0.0]","[51.6, 77.5, 92.8]","[0.0, 22.7, 50.0]","[55.4, 56.5, 57.6]","[0.0, 64.4, 100.0]"
604,"[0.0, 0.0, 0.0]","[49.7, 76.2, 91.2]","[0.0, 23.0, 44.3]","[40.7, 40.7, 40.7]","[9.3, 61.8, 100.0]"
605,"[0.0, 0.0, 0.0]","[46.5, 75.7, 90.4]","[7.6, 24.1, 53.6]","[70.6, 70.6, 70.6]","[0.0, 64.2, 100.0]"
606,"[0.0, 0.0, 0.0]","[45.0, 77.4, 87.1]","[5.4, 22.0, 44.6]","[50.0, 52.9, 55.4]","[27.8, 69.1, 95.0]"
607,"[0.0, 0.0, 0.0]","[48.7, 76.0, 95.5]","[0.0, 23.8, 44.3]","[57.6, 57.6, 57.6]","[38.9, 69.0, 100.0]"
608,"[0.0, 0.0, 0.0]","[52.2, 79.4, 100.0]","[5.4, 26.3, 66.6]","[100.1, 100.1, 100.1]","[28.5, 72.9, 100.0]"
609,"[0.0, 0.0, 0.0]","[59.0, 79.2, 90.6]","[13.0, 30.2, 51.8]","[61.2, 63.0, 64.8]","[19.8, 71.1, 97.8]"
610,"[0.0, 0.0, 0.0]","[40.5, 73.2, 94.5]","[5.4, 20.5, 57.2]","[None, None, None]","[0.0, 56.8, 100.0]"
611,"[0.0, 0.0, 0.0]","[54.9, 77.6, 93.1]","[0.0, 20.9, 48.2]","[35.3, 40.0, 44.3]","[0.0, 64.3, 100.0]"
612,"[0.0, 0.0, 0.0]","[51.7, 78.4, 95.6]","[5.4, 21.6, 61.2]","[None, None, None]","[21.4, 66.7, 100.0]"
613,"[0.0, 0.0, 0.0]","[68.0, 80.4, 91.1]","[0.0, 25.9, 51.8]","[79.6, 79.6, 79.6]","[37.5, 64.9, 91.1]"
614,"[0.0, 0.0, 0.0]","[59.6, 76.5, 92.8]","[6.5, 29.2, 44.3]","[61.2, 61.2, 61.2]","[34.0, 69.7, 100.0]"
615,"[0.0, 0.0, 0.0]","[56.1, 73.4, 85.4]","[7.6, 22.0, 35.3]","[None, None, None]","[5.0, 60.7, 93.8]"
616,"[0.0, 0.0, 0.0]","[55.6, 74.9, 87.7]","[0.0, 20.9, 40.7]","[59.4, 59.4, 59.4]","[25.7, 60.9, 95.0]"
617,"[0.0, 0.0, 0.0]","[43.7, 75.1, 91.2]","[0.0, 24.1, 44.3]","[None, None, None]","[3.5, 67.2, 96.8]"
618,"[0.0, 0.0, 0.0]","[49.8, 73.0, 88.0]","[0.0, 22.0, 37.1]","[None, None, None]","[0.0, 62.5, 94.6]"
619,"[0.0, 0.0, 0.0]","[44.4, 73.6, 87.6]","[0.0, 24.5, 46.4]","[48.2, 50.0, 51.8]","[15.0, 61.7, 100.0]"
620,"[0.0, 0.0, 0.0]","[52.7, 73.4, 85.8]","[0.0, 22.7, 50.0]","[76.0, 76.0, 76.0]","[0.0, 61.0, 89.6]"
621,"[0.0, 0.0, 0.0]","[60.3, 76.3, 93.7]","[0.0, 19.4, 55.4]","[None, None, None]","[16.8, 68.1, 100.0]"
622,"[0.0, 0.0, 0.0]","[56.2, 77.9, 95.7]","[0.0, 24.1, 51.8]","[51.8, 51.8, 51.8]","[0.0, 63.6, 100.0]"
623,"[0.0, 0.0, 0.0]","[56.2, 71.4, 89.7]","[7.6, 27.7, 50.0]","[53.6, 58.0, 61.2]","[0.0, 54.8, 92.0]"
624,"[0.0, 0.0, 0.0]","[43.1, 70.2, 91.4]","[9.4, 19.1, 38.9]","[42.5, 42.5, 42.5]","[27.8, 61.1, 100.0]"
625,"[0.0, 0.0, 0.0]","[49.2, 73.2, 92.3]","[12.6, 28.8, 48.2]","[35.3, 55.1, 70.2]","[2.7, 62.3, 100.0]"
626,"[0.0, 0.0, 0.0]","[45.4, 69.8, 92.4]","[11.2, 26.3, 46.4]","[None, None, None]","[3.5, 50.5, 98.8]"
627,"[0.0, 0.0, 0.0]","[51.6, 69.8, 87.8]","[6.1, 23.0, 55.4]","[None, None, None]","[5.6, 48.3, 95.7]"
628,"[0.0, 0.0, 0.0]","[50.4, 71.0, 89.9]","[4.7, 20.2, 44.3]","[None, None, None]","[2.8, 59.0, 99.0]"
629,"[0.0, 0.0, 0.0]","[44.7, 73.3, 93.5]","[7.6, 23.8, 42.5]","[None, None, None]","[0.0, 58.1, 100.0]"
630,"[0.0, 0.0, 0.0]","[41.3, 72.6, 91.9]","[5.4, 21.6, 40.7]","[None, None, None]","[0.0, 58.6, 100.0]"
631,"[0.0, 0.0, 0.0]","[45.6, 73.0, 93.6]","[0.0, 23.0, 37.1]","[48.2, 48.2, 48.2]","[0.0, 54.5, 100.0]"
632,"[0.0, 0.0, 0.0]","[49.5, 73.6, 91.6]","[7.6, 24.5, 50.0]","[53.6, 61.2, 68.4]","[0.0, 58.0, 98.2]"
633,"[0.0, 0.0, 0.0]","[54.2, 74.1, 92.9]","[0.0, 27.0, 40.7]","[42.5, 42.5, 42.5]","[5.6, 61.8, 100.0]"
634,"[0.0, 0.0, 0.0]","[57.7, 74.0, 88.7]","[5.8, 28.8, 53.6]","[48.2, 48.2, 48.2]","[25.5, 62.0, 82.3]"
635,"[0.0, 0.0, 0.0]","[54.2, 73.7, 88.4]","[0.0, 22.0, 42.5]","[None, None, None]","[0.0, 57.6, 92.2]"
636,"[0.0, 0.0, 0.0]","[60.3, 75.3, 88.3]","[0.0, 19.8, 37.1]","[40.7, 40.7, 40.7]","[0.0, 59.8, 100.0]"
637,"[0.0, 0.0, 0.0]","[45.9, 67.8, 83.1]","[0.0, 25.2, 49.3]","[None, None, None]","[0.0, 49.0, 91.7]"
638,"[0.0, 0.0, 0.0]","[32.8, 68.7, 87.5]","[0.0, 20.9, 38.9]","[59.4, 59.4, 59.4]","[0.0, 50.0, 94.3]"
639,"[0.0, 0.0, 0.0]","[49.0, 72.0, 94.7]","[5.4, 18.7, 35.3]","[None, None, None]","[3.1, 53.8, 98.3]"
640,"[0.0, 0.0, 0.0]","[50.9, 71.7, 95.3]","[0.0, 24.5, 44.3]","[50.0, 50.0, 50.0]","[0.0, 58.5, 94.0]"
641,"[0.0, 0.0, 0.0]","[47.6, 73.4, 88.1]","[9.4, 23.8, 38.9]","[50.0, 55.8, 59.4]","[0.0, 64.9, 100.0]"
642,"[0.0, 0.0, 0.0]","[35.2, 72.7, 93.5]","[9.4, 23.8, 38.9]","[51.8, 51.8, 51.8]","[0.0, 59.9, 93.2]"
643,"[0.0, 0.0, 0.0]","[30.3, 70.2, 89.6]","[7.6, 22.3, 44.3]","[42.5, 42.5, 42.5]","[0.0, 59.4, 89.1]"
644,"[0.0, 0.0, 0.0]","[37.7, 71.5, 91.9]","[5.4, 26.3, 48.2]","[None, None, None]","[3.5, 60.6, 96.9]"
645,"[0.0, 0.0, 0.0]","[55.8, 72.5, 92.5]","[7.6, 24.5, 64.8]","[None, None, None]","[0.0, 55.7, 98.3]"
646,"[0.0, 0.0, 0.0]","[54.6, 70.5, 94.3]","[7.6, 26.6, 63.0]","[42.5, 56.5, 70.2]","[0.0, 56.5, 98.2]"
647,"[0.0, 0.0, 0.0]","[37.0, 67.4, 92.9]","[0.0, 24.1, 57.2]","[None, None, None]","[0.0, 54.9, 91.3]"
648,"[0.0, 0.0, 0.0]","[39.7, 74.0, 95.5]","[0.0, 22.7, 40.7]","[57.6, 57.6, 57.6]","[0.0, 61.8, 100.0]"
649,"[0.0, 0.0, 0.0]","[36.5, 68.7, 91.4]","[5.4, 23.8, 40.7]","[55.4, 60.1, 64.8]","[0.0, 48.7, 100.0]"
650,"[0.0, 0.0, 0.0]","[52.1, 73.5, 88.1]","[7.6, 21.6, 42.5]","[44.3, 51.8, 59.4]","[0.0, 61.9, 95.2]"
651,"[0.0, 0.0, 0.0]","[54.1, 70.6, 89.6]","[7.6, 20.9, 37.1]","[59.4, 59.4, 59.4]","[13.3, 56.5, 95.9]"
652,"[0.0, 0.0, 0.0]","[53.0, 73.8, 96.2]","[0.0, 24.5, 40.7]","[None, None, None]","[13.9, 59.0, 100.0]"
653,"[0.0, 0.0, 0.0]","[55.1, 74.1, 93.1]","[3.6, 22.3, 35.3]","[None, None, None]","[0.0, 67.1, 100.0]"
654,"[0.0, 0.0, 0.0]","[51.5, 76.3, 92.7]","[0.0, 29.2, 92.5]","[59.4, 59.4, 59.4]","[39.7, 69.9, 98.2]"
655,"[0.0, 0.0, 0.0]","[48.2, 75.4, 94.2]","[7.6, 26.6, 63.0]","[44.3, 46.4, 48.2]","[0.0, 72.8, 100.0]"
656,"[0.0, 0.0, 0.0]","[59.8, 78.9, 90.1]","[0.0, 26.3, 55.4]","[None, None, None]","[43.1, 74.0, 96.2]"
657,"[0.0, 0.0, 0.0]","[64.6, 79.7, 93.3]","[0.0, 28.1, 59.0]","[None, None, None]","[30.2, 74.9, 99.6]"
658,"[0.0, 0.0, 0.0]","[59.8, 77.1, 91.1]","[0.0, 24.1, 41.0]","[None, None, None]","[47.8, 71.6, 94.9]"
659,"[0.0, 0.0, 0.0]","[52.9, 75.8, 91.5]","[9.4, 42.8, 322.6]","[None, None, None]","[46.3, 71.6, 91.3]"
660,"[0.0, 0.0, 0.0]","[59.7, 72.8, 88.0]","[5.4, 25.9, 44.3]","[70.2, 70.2, 70.2]","[27.3, 65.1, 94.9]"
661,"[0.0, 0.0, 0.0]","[55.7, 76.1, 89.7]","[7.6, 26.3, 72.4]","[61.2, 61.2, 61.2]","[6.2, 63.1, 95.0]"
662,"[0.0, 0.0, 0.0]","[53.3, 74.8, 95.1]","[7.6, 24.1, 48.2]","[44.6, 44.6, 44.6]","[12.3, 59.6, 97.1]"
663,"[0.0, 0.0, 0.0]","[39.0, 68.6, 89.6]","[13.0, 23.8, 51.8]","[None, None, None]","[4.6, 55.6, 97.5]"
664,"[0.0, 0.0, 0.0]","[35.0, 70.1, 89.2]","[13.0, 25.9, 38.9]","[None, None, None]","[0.0, 53.0, 100.0]"
665,"[0.0, 0.0, 0.0]","[45.1, 75.5, 91.0]","[7.6, 23.0, 40.7]","[51.8, 51.8, 51.8]","[0.0, 67.1, 100.0]"
666,"[0.0, 0.0, 0.0]","[60.0, 76.2, 89.4]","[3.6, 22.7, 59.0]","[57.6, 57.6, 57.6]","[0.0, 69.4, 100.0]"
667,"[0.0, 0.0, 0.0]","[49.5, 72.7, 88.5]","[0.0, 23.0, 50.0]","[None, None, None]","[9.3, 62.3, 97.1]"
668,"[0.0, 0.0, 0.0]","[55.5, 73.3, 88.0]","[0.0, 22.7, 33.5]","[None, None, None]","[6.9, 56.3, 95.4]"
669,"[0.0, 0.0, 0.0]","[51.7, 77.6, 94.5]","[3.6, 18.4, 44.6]","[None, None, None]","[6.9, 58.2, 87.1]"
670,"[0.0, 0.0, 0.0]","[68.2, 79.3, 92.6]","[0.0, 22.7, 37.1]","[66.6, 66.6, 66.6]","[19.4, 71.4, 100.0]"
671,"[0.0, 0.0, 0.0]","[51.5, 76.6, 93.9]","[0.0, 20.2, 40.7]","[None, None, None]","[0.0, 63.0, 100.0]"
672,"[0.0, 0.0, 0.0]","[46.1, 75.5, 93.8]","[7.6, 21.6, 42.5]","[57.6, 57.6, 57.6]","[25.0, 63.9, 100.0]"
673,"[0.0, 0.0, 0.0]","[59.4, 77.0, 91.1]","[11.2, 22.7, 35.3]","[None, None, None]","[21.3, 68.2, 97.5]"
674,"[0.0, 0.0, 0.0]","[70.6, 80.1, 91.5]","[0.0, 15.8, 38.9]","[None, None, None]","[0.0, 70.6, 100.0]"
675,"[0.0, 0.0, 0.0]","[62.2, 76.3, 93.4]","[0.0, 20.5, 40.7]","[None, None, None]","[21.3, 55.7, 100.0]"
676,"[0.0, 0.0, 0.0]","[57.4, 72.1, 87.6]","[5.4, 21.6, 42.5]","[None, None, None]","[0.0, 50.3, 96.9]"
677,"[0.0, 0.0, 0.0]","[60.5, 75.6, 90.7]","[7.2, 19.1, 29.5]","[48.2, 48.2, 48.2]","[19.8, 65.2, 95.2]"
678,"[0.0, 0.0, 0.0]","[66.0, 79.9, 92.7]","[5.8, 17.6, 25.9]","[None, None, None]","[29.2, 63.8, 100.0]"
679,"[0.0, 0.0, 0.0]","[65.9, 79.9, 96.8]","[5.4, 19.8, 35.3]","[None, None, None]","[27.8, 68.8, 95.3]"
680,"[0.0, 0.0, 0.0]","[56.2, 75.1, 89.0]","[5.4, 21.6, 33.5]","[None, None, None]","[27.8, 67.6, 97.2]"
681,"[0.0, 0.0, 0.0]","[62.6, 80.2, 95.8]","[0.0, 19.1, 35.3]","[None, None, None]","[27.8, 75.0, 91.8]"
682,"[0.0, 0.0, 0.0]","[63.4, 81.1, 93.7]","[9.4, 23.4, 37.1]","[None, None, None]","[50.0, 80.5, 98.8]"
683,"[0.0, 0.0, 0.0]","[57.4, 73.0, 95.3]","[9.4, 20.9, 38.9]","[44.3, 44.3, 44.3]","[32.2, 64.5, 99.1]"
684,"[0.0, 0.0, 0.0]","[61.5, 78.0, 97.2]","[9.4, 25.2, 51.8]","[44.3, 44.6, 44.6]","[4.0, 72.1, 98.6]"
685,"[0.0, 0.0, 0.0]","[66.6, 80.8, 95.1]","[9.4, 22.7, 55.4]","[None, None, None]","[27.8, 78.1, 100.0]"
686,"[0.0, 0.0, 0.0]","[61.5, 79.1, 96.1]","[9.4, 23.8, 50.4]","[55.4, 55.4, 55.4]","[25.9, 72.9, 98.8]"
687,"[0.0, 0.0, 0.0]","[60.5, 79.2, 95.3]","[7.6, 23.0, 42.5]","[None, None, None]","[0.0, 63.4, 100.0]"
688,"[0.0, 0.0, 0.0]","[63.5, 79.9, 91.1]","[11.2, 27.0, 46.4]","[None, None, None]","[43.7, 75.9, 100.0]"
689,"[0.0, 0.0, 0.0]","[67.1, 79.7, 95.7]","[3.6, 24.8, 48.2]","[None, None, None]","[7.9, 71.9, 95.2]"
690,"[0.0, 0.0, 0.0]","[53.5, 76.8, 93.5]","[3.6, 21.6, 55.4]","[None, None, None]","[0.0, 73.1, 100.0]"
691,"[0.0, 0.0, 0.0]","[64.2, 79.0, 90.9]","[7.6, 22.7, 42.5]","[None, None, None]","[0.0, 68.8, 98.3]"
692,"[0.0, 0.0, 0.0]","[65.9, 78.9, 92.2]","[7.6, 23.4, 59.0]","[63.0, 63.0, 63.0]","[36.1, 72.7, 100.0]"
693,"[0.0, 0.0, 0.0]","[67.4, 80.8, 93.7]","[3.6, 19.8, 35.3]","[None, None, None]","[33.3, 70.9, 100.0]"
694,"[0.0, 0.0, 0.0]","[53.0, 76.4, 90.9]","[9.4, 23.8, 88.9]","[None, None, None]","[0.0, 56.9, 95.9]"
695,"[0.0, 0.0, 0.0]","[61.4, 74.8, 91.8]","[7.6, 20.9, 46.4]","[None, None, None]","[0.0, 56.8, 100.0]"
696,"[0.0, 0.0, 0.0]","[57.4, 79.7, 95.4]","[0.0, 17.3, 31.3]","[None, None, None]","[0.0, 58.8, 100.0]"
697,"[0.0, 0.0, 0.0]","[56.4, 79.0, 92.6]","[5.4, 20.2, 35.3]","[44.3, 44.3, 44.3]","[0.0, 65.8, 100.0]"
698,"[0.0, 0.0, 0.0]","[58.0, 80.3, 94.8]","[5.4, 21.2, 35.3]","[None, None, None]","[16.7, 68.3, 100.0]"
699,"[0.0, 0.0, 0.0]","[73.5, 85.5, 95.9]","[0.0, 24.5, 38.9]","[None, None, None]","[47.8, 82.5, 98.3]"
700,"[0.0, 0.0, 0.0]","[61.3, 82.9, 93.8]","[0.0, 19.8, 31.7]","[None, None, None]","[23.2, 73.8, 100.0]"
701,"[0.0, 0.0, 0.0]","[70.1, 82.3, 90.6]","[5.4, 17.6, 35.3]","[None, None, None]","[31.1, 66.3, 94.5]"
702,"[0.0, 0.0, 0.0]","[65.1, 79.8, 89.6]","[0.0, 16.9, 33.5]","[None, None, None]","[9.3, 67.4, 93.3]"
703,"[0.0, 0.0, 0.0]","[67.4, 80.0, 87.6]","[0.0, 18.7, 38.9]","[44.3, 46.4, 48.2]","[20.4, 67.7, 96.3]"
704,"[0.0, 0.0, 0.0]","[63.3, 77.9, 96.3]","[0.0, 19.8, 37.1]","[None, None, None]","[26.4, 69.0, 96.7]"
705,"[0.0, 0.0, 0.0]","[62.4, 79.6, 91.7]","[0.0, 16.6, 25.9]","[None, None, None]","[11.9, 73.1, 100.0]"
706,"[0.0, 0.0, 0.0]","[67.2, 81.1, 95.5]","[7.6, 19.1, 31.7]","[None, None, None]","[27.8, 75.4, 100.0]"
707,"[0.0, 0.0, 0.0]","[62.0, 78.0, 89.5]","[0.0, 19.4, 31.7]","[None, None, None]","[27.8, 68.3, 90.9]"
708,"[0.0, 0.0, 0.0]","[60.9, 78.3, 90.3]","[7.6, 18.0, 35.3]","[None, None, None]","[18.5, 72.3, 90.1]"
709,"[0.0, 0.0, 0.0]","[70.6, 83.2, 95.1]","[9.4, 20.5, 96.5]","[None, None, None]","[31.1, 78.3, 100.0]"
710,"[0.0, 0.0, 0.0]","[73.1, 82.0, 95.8]","[9.4, 22.3, 51.8]","[None, None, None]","[6.4, 68.8, 93.8]"
711,"[0.0, 0.0, 0.0]","[70.1, 80.5, 93.9]","[0.0, 18.4, 39.6]","[None, None, None]","[0.0, 68.0, 100.0]"
712,"[0.0, 0.0, 0.0]","[69.6, 79.1, 96.3]","[3.6, 17.3, 27.7]","[None, None, None]","[41.7, 68.3, 98.6]"
713,"[0.0, 0.0, 0.0]","[68.3, 79.9, 93.9]","[3.6, 18.0, 29.5]","[None, None, None]","[23.6, 70.2, 100.0]"
714,"[0.0, 0.0, 0.0]","[66.9, 80.0, 96.0]","[0.0, 20.2, 38.9]","[38.9, 38.9, 38.9]","[28.7, 69.6, 98.2]"
715,"[0.0, 0.0, 0.0]","[67.6, 81.5, 95.2]","[5.4, 20.5, 33.5]","[44.6, 44.6, 44.6]","[26.6, 67.7, 93.3]"
716,"[0.0, 0.0, 0.0]","[68.9, 81.6, 91.7]","[3.6, 22.0, 53.6]","[50.0, 50.0, 50.0]","[35.7, 70.9, 99.7]"
717,"[0.0, 0.0, 0.0]","[53.8, 81.7, 98.0]","[0.0, 21.2, 46.4]","[None, None, None]","[0.0, 67.8, 100.0]"
718,"[0.0, 0.0, 0.0]","[62.2, 78.0, 88.9]","[8.6, 20.9, 40.7]","[57.6, 57.6, 57.6]","[11.1, 61.1, 100.0]"
719,"[0.0, 0.0, 0.0]","[62.5, 80.3, 97.5]","[0.0, 18.0, 35.3]","[None, None, None]","[10.4, 71.2, 97.8]"
720,"[0.0, 0.0, 0.0]","[58.0, 77.6, 92.6]","[0.0, 16.6, 25.9]","[42.5, 42.5, 42.5]","[0.0, 63.3, 95.0]"
721,"[0.0, 0.0, 0.0]","[61.9, 76.9, 94.8]","[0.0, 18.7, 38.9]","[None, None, None]","[0.0, 64.1, 100.0]"
722,"[0.0, 0.0, 0.0]","[64.1, 80.1, 93.7]","[0.0, 21.2, 42.5]","[51.8, 51.8, 51.8]","[0.0, 66.5, 100.0]"
723,"[0.0, 0.0, 0.0]","[63.2, 76.4, 90.4]","[5.4, 20.5, 42.5]","[None, None, None]","[0.0, 59.8, 96.6]"
724,"[0.0, 0.0, 0.0]","[64.9, 80.9, 92.1]","[3.6, 20.9, 37.1]","[None, None, None]","[21.6, 69.7, 98.8]"
725,"[0.0, 0.0, 0.0]","[61.8, 79.5, 90.3]","[0.0, 18.7, 35.3]","[38.9, 42.8, 46.4]","[0.0, 63.8, 97.5]"
726,"[0.0, 0.0, 0.0]","[69.6, 82.7, 93.5]","[0.0, 18.4, 38.9]","[None, None, None]","[21.4, 70.2, 99.2]"
727,"[0.0, 0.0, 0.0]","[62.9, 80.8, 94.2]","[0.0, 17.6, 42.5]","[50.0, 50.0, 50.0]","[30.0, 73.1, 100.0]"
728,"[0.0, 0.0, 0.0]","[68.2, 82.3, 93.3]","[0.0, 20.2, 46.4]","[48.2, 48.2, 48.2]","[30.0, 68.9, 99.1]"
729,"[0.0, 0.0, 0.0]","[62.6, 79.6, 97.7]","[3.6, 20.2, 35.3]","[None, None, None]","[38.9, 72.1, 97.5]"
730,"[0.0, 0.0, 0.0]","[56.8, 78.6, 93.2]","[0.0, 18.0, 38.9]","[None, None, None]","[6.9, 63.2, 100.0]"
731,"[0.0, 0.0, 0.0]","[57.9, 81.5, 91.9]","[0.0, 15.5, 27.7]","[None, None, None]","[27.8, 69.5, 100.0]"
732,"[0.0, 0.0, 0.0]","[61.5, 78.4, 94.9]","[9.4, 21.6, 46.4]","[51.8, 51.8, 51.8]","[27.8, 64.0, 98.2]"
733,"[0.0, 0.0, 0.0]","[69.8, 83.0, 91.3]","[0.0, 20.2, 38.9]","[37.1, 51.1, 64.8]","[27.8, 70.7, 100.0]"
734,"[0.0, 0.0, 0.0]","[65.5, 83.1, 93.7]","[3.6, 20.9, 37.1]","[38.9, 38.9, 38.9]","[38.9, 74.6, 98.8]"
735,"[0.0, 0.0, 0.0]","[69.7, 81.8, 93.2]","[5.4, 19.4, 33.5]","[None, None, None]","[43.6, 68.8, 100.0]"
736,"[0.0, 0.0, 0.0]","[72.5, 81.6, 92.2]","[7.6, 20.2, 35.3]","[None, None, None]","[47.2, 66.9, 100.0]"
737,"[0.0, 0.0, 0.0]","[69.5, 79.5, 88.1]","[5.4, 23.0, 44.6]","[74.2, 74.2, 74.2]","[5.0, 62.1, 98.0]"
738,"[0.0, 0.0, 0.0]","[69.1, 77.1, 88.5]","[0.0, 19.8, 40.7]","[46.4, 46.4, 46.4]","[19.6, 49.3, 86.0]"
739,"[0.0, 0.0, 0.0]","[49.7, 78.9, 95.1]","[3.6, 19.4, 30.6]","[None, None, None]","[0.0, 67.0, 100.0]"
740,"[0.0, 0.0, 0.0]","[65.8, 81.9, 94.4]","[5.4, 20.2, 37.1]","[None, None, None]","[0.0, 63.8, 99.1]"
741,"[0.0, 0.0, 0.0]","[71.8, 84.2, 94.4]","[1.8, 19.4, 38.9]","[None, None, None]","[0.0, 70.5, 100.0]"
742,"[0.0, 0.0, 0.0]","[65.1, 80.7, 94.5]","[7.6, 24.1, 38.9]","[53.6, 53.6, 53.6]","[43.7, 74.5, 100.0]"
743,"[0.0, 0.0, 0.0]","[68.8, 79.7, 95.6]","[0.0, 23.4, 37.1]","[42.5, 50.0, 57.6]","[16.7, 66.7, 100.0]"
744,"[0.0, 0.0, 0.0]","[73.1, 81.0, 93.5]","[0.0, 17.3, 38.9]","[None, None, None]","[25.7, 66.1, 100.0]"
745,"[0.0, 0.0, 0.0]","[67.4, 81.5, 93.5]","[0.0, 22.3, 35.3]","[48.2, 48.2, 48.2]","[37.4, 73.0, 100.0]"
746,"[0.0, 0.0, 0.0]","[67.2, 79.8, 88.7]","[5.4, 22.0, 33.5]","[None, None, None]","[27.8, 68.3, 100.0]"
747,"[0.0, 0.0, 0.0]","[68.5, 81.4, 93.7]","[7.2, 27.4, 116.6]","[53.6, 53.6, 53.6]","[11.1, 71.5, 100.0]"
748,"[0.0, 0.0, 0.0]","[72.3, 83.9, 93.7]","[3.6, 21.2, 44.3]","[None, None, None]","[0.0, 71.2, 98.3]"
749,"[0.0, 0.0, 0.0]","[65.1, 79.8, 91.4]","[0.0, 23.8, 51.8]","[None, None, None]","[30.9, 62.5, 100.0]"
750,"[0.0, 0.0, 0.0]","[63.6, 78.0, 94.3]","[0.0, 20.9, 38.9]","[51.8, 53.6, 55.4]","[27.8, 62.1, 98.3]"
751,"[0.0, 0.0, 0.0]","[68.8, 82.5, 97.5]","[5.8, 18.0, 33.5]","[None, None, None]","[35.0, 70.2, 100.0]"
752,"[0.0, 0.0, 0.0]","[67.3, 80.4, 89.5]","[0.0, 20.2, 42.5]","[44.6, 44.6, 44.6]","[31.7, 59.5, 93.2]"
753,"[0.0, 0.0, 0.0]","[53.3, 79.5, 97.9]","[0.0, 20.2, 38.9]","[57.6, 57.6, 57.6]","[27.5, 61.6, 98.8]"
754,"[0.0, 0.0, 0.0]","[63.6, 81.2, 91.5]","[3.6, 17.6, 50.0]","[None, None, None]","[12.3, 58.9, 95.0]"
755,"[0.0, 0.0, 0.0]","[55.5, 78.0, 91.1]","[7.6, 16.6, 37.1]","[42.5, 44.6, 46.4]","[19.4, 52.1, 93.3]"
756,"[0.0, 0.0, 0.0]","[50.2, 81.1, 92.9]","[0.0, 17.3, 35.3]","[None, None, None]","[0.0, 60.3, 100.0]"
757,"[0.0, 0.0, 0.0]","[56.8, 81.4, 93.0]","[5.4, 22.3, 48.2]","[51.8, 51.8, 51.8]","[27.8, 70.5, 98.0]"
758,"[0.0, 0.0, 0.0]","[69.6, 81.7, 94.2]","[7.6, 28.1, 96.5]","[None, None, None]","[27.8, 67.8, 100.0]"
759,"[0.0, 0.0, 0.0]","[61.4, 81.8, 94.5]","[0.0, 23.4, 40.7]","[None, None, None]","[37.8, 70.8, 100.0]"
760,"[0.0, 0.0, 0.0]","[55.7, 80.6, 92.9]","[0.0, 20.2, 37.1]","[None, None, None]","[28.6, 63.6, 98.0]"
761,"[0.0, 0.0, 0.0]","[61.6, 76.9, 96.4]","[0.0, 20.9, 42.5]","[None, None, None]","[16.7, 58.7, 100.0]"
762,"[0.0, 0.0, 0.0]","[71.2, 82.3, 93.2]","[0.0, 19.4, 38.9]","[None, None, None]","[0.0, 73.3, 100.0]"
763,"[0.0, 0.0, 0.0]","[64.5, 83.4, 95.0]","[0.0, 22.3, 37.1]","[None, None, None]","[46.1, 72.6, 100.0]"
764,"[0.0, 0.0, 0.0]","[69.4, 80.7, 92.0]","[0.0, 16.9, 37.1]","[57.6, 57.6, 57.6]","[17.4, 72.6, 96.8]"
765,"[0.0, 0.0, 0.0]","[69.7, 79.6, 94.0]","[0.0, 20.9, 42.5]","[None, None, None]","[23.3, 63.0, 98.3]"
766,"[0.0, 0.0, 0.0]","[63.2, 82.2, 96.3]","[5.4, 20.9, 40.7]","[None, None, None]","[27.8, 70.7, 99.1]"
767,"[0.0, 0.0, 0.0]","[67.0, 83.0, 96.9]","[3.6, 24.1, 42.5]","[57.2, 57.2, 57.2]","[28.9, 67.0, 100.0]"
768,"[0.0, 0.0, 0.0]","[64.1, 82.9, 96.9]","[3.6, 20.2, 31.7]","[None, None, None]","[23.1, 66.3, 94.6]"
769,"[0.0, 0.0, 0.0]","[67.7, 81.2, 92.1]","[0.0, 18.0, 42.5]","[None, None, None]","[2.8, 56.5, 92.0]"
770,"[0.0, 0.0, 0.0]","[65.8, 81.2, 93.9]","[0.0, 22.0, 50.0]","[51.8, 51.8, 51.8]","[31.0, 63.8, 100.0]"
771,"[0.0, 0.0, 0.0]","[65.1, 81.8, 98.5]","[3.6, 19.4, 40.7]","[37.1, 37.1, 37.1]","[13.9, 66.8, 100.0]"
772,"[0.0, 0.0, 0.0]","[63.3, 83.4, 95.0]","[5.4, 23.0, 48.2]","[50.0, 56.2, 61.2]","[31.5, 72.1, 100.0]"
773,"[0.0, 0.0, 0.0]","[68.1, 84.2, 93.1]","[0.0, 25.9, 63.0]","[50.0, 54.4, 59.4]","[36.1, 78.6, 100.0]"
774,"[0.0, 0.0, 0.0]","[64.6, 83.3, 100.0]","[0.0, 28.4, 55.4]","[64.8, 64.8, 64.8]","[14.9, 68.7, 100.0]"
775,"[0.0, 0.0, 0.0]","[67.8, 81.5, 100.0]","[0.0, 25.6, 57.2]","[53.6, 64.1, 74.2]","[27.8, 59.9, 95.5]"
776,"[0.0, 0.0, 0.0]","[68.3, 85.2, 96.4]","[0.0, 19.4, 46.4]","[92.5, 92.5, 92.5]","[30.0, 69.4, 100.0]"
777,"[0.0, 0.0, 0.0]","[75.0, 82.5, 96.0]","[0.0, 21.2, 44.6]","[None, None, None]","[32.5, 64.6, 100.0]"
778,"[0.0, 0.0, 0.0]","[65.0, 83.8, 99.8]","[0.0, 18.0, 38.9]","[44.3, 51.8, 59.4]","[7.5, 61.7, 100.0]"
779,"[0.0, 0.0, 0.0]","[76.1, 84.9, 95.7]","[0.0, 17.6, 64.8]","[40.7, 40.7, 40.7]","[0.0, 66.0, 100.0]"
780,"[0.0, 0.0, 0.0]","[61.1, 83.0, 97.6]","[0.0, 18.7, 53.6]","[74.2, 74.2, 74.2]","[0.0, 67.9, 100.0]"
781,"[0.0, 0.0, 0.0]","[68.4, 83.2, 97.1]","[0.0, 20.9, 43.2]","[None, None, None]","[0.0, 62.0, 100.0]"
782,"[0.0, 0.0, 0.0]","[48.9, 82.2, 94.2]","[3.6, 22.0, 46.4]","[50.0, 51.1, 51.8]","[0.0, 65.4, 100.0]"
783,"[0.0, 0.0, 0.0]","[71.4, 80.9, 93.8]","[0.0, 24.1, 50.4]","[63.0, 63.0, 63.0]","[3.3, 60.7, 99.7]"
784,"[0.0, 0.0, 0.0]","[66.5, 80.0, 90.3]","[5.4, 23.0, 51.8]","[44.6, 50.0, 55.4]","[8.3, 58.8, 95.0]"
785,"[0.0, 0.0, 0.0]","[69.6, 81.6, 91.0]","[0.0, 20.9, 44.6]","[57.6, 58.7, 59.4]","[17.9, 68.4, 98.3]"
786,"[0.0, 0.0, 0.0]","[65.9, 84.2, 95.6]","[0.0, 19.8, 33.5]","[None, None, None]","[32.7, 73.7, 100.0]"
787,"[0.0, 0.0, 0.0]","[61.3, 80.3, 93.7]","[0.0, 24.1, 42.5]","[None, None, None]","[16.7, 66.2, 100.0]"
788,"[0.0, 0.0, 0.0]","[70.2, 82.4, 93.2]","[5.4, 22.3, 44.3]","[63.0, 63.0, 63.0]","[0.0, 69.2, 100.0]"
789,"[0.0, 0.0, 0.0]","[69.0, 84.0, 94.4]","[0.0, 20.5, 37.1]","[None, None, None]","[27.8, 66.7, 99.7]"
790,"[0.0, 0.0, 0.0]","[57.4, 81.4, 92.6]","[0.0, 22.0, 50.0]","[None, None, None]","[26.5, 69.4, 100.0]"
791,"[0.0, 0.0, 0.0]","[60.6, 83.6, 94.7]","[0.0, 27.4, 185.0]","[44.3, 44.3, 44.3]","[15.9, 64.9, 98.6]"
792,"[0.0, 0.0, 0.0]","[56.2, 81.5, 100.0]","[3.6, 21.2, 48.2]","[38.9, 38.9, 38.9]","[6.7, 59.8, 90.0]"
793,"[0.0, 0.0, 0.0]","[64.6, 81.5, 95.4]","[5.4, 23.8, 55.4]","[44.3, 60.1, 76.0]","[22.2, 72.0, 100.0]"
794,"[0.0, 0.0, 0.0]","[68.9, 83.6, 96.2]","[5.4, 25.6, 51.8]","[76.0, 76.0, 76.0]","[38.9, 71.5, 100.0]"
795,"[0.0, 0.0, 0.0]","[64.3, 82.0, 91.8]","[3.6, 23.0, 42.5]","[44.6, 49.3, 53.6]","[37.3, 67.7, 97.9]"
796,"[0.0, 0.0, 0.0]","[61.5, 81.6, 95.2]","[3.6, 24.5, 48.2]","[42.5, 51.8, 66.6]","[4.6, 59.4, 100.0]"
797,"[0.0, 0.0, 0.0]","[58.9, 81.8, 96.7]","[0.0, 24.5, 51.8]","[59.4, 59.4, 59.4]","[23.8, 64.2, 100.0]"
798,"[0.0, 0.0, 0.0]","[58.6, 81.4, 96.0]","[0.0, 24.1, 40.7]","[None, None, None]","[36.7, 67.2, 100.0]"
799,"[0.0, 0.0, 0.0]","[67.1, 81.5, 93.8]","[0.0, 19.8, 35.3]","[37.1, 37.1, 37.1]","[24.7, 70.1, 100.0]"
800,"[0.0, 0.0, 0.0]","[66.7, 81.7, 93.8]","[0.0, 25.2, 51.8]","[72.4, 72.4, 72.4]","[9.3, 73.0, 100.0]"
801,"[0.0, 0.0, 0.0]","[64.0, 79.7, 96.6]","[0.0, 24.8, 59.0]","[None, None, None]","[27.8, 66.8, 100.0]"
802,"[0.0, 0.0, 0.0]","[64.3, 81.7, 95.7]","[5.4, 18.7, 31.3]","[None, None, None]","[0.0, 65.9, 100.0]"
803,"[0.0, 0.0, 0.0]","[67.2, 83.8, 94.1]","[0.0, 21.2, 48.2]","[None, None, None]","[0.0, 69.5, 100.0]"
804,"[0.0, 0.0, 0.0]","[61.4, 81.9, 93.2]","[0.0, 15.8, 35.3]","[44.6, 44.6, 44.6]","[11.1, 62.9, 100.0]"
805,"[0.0, 0.0, 0.0]","[68.6, 83.4, 95.7]","[0.0, 17.6, 38.9]","[None, None, None]","[27.8, 70.7, 100.0]"
806,"[0.0, 0.0, 0.0]","[54.7, 78.4, 96.9]","[3.6, 21.2, 44.3]","[44.3, 44.3, 44.3]","[27.8, 62.6, 100.0]"
807,"[0.0, 0.0, 0.0]","[63.9, 77.8, 86.7]","[5.4, 21.2, 59.0]","[40.7, 42.5, 44.3]","[27.8, 59.5, 100.0]"
808,"[0.0, 0.0, 0.0]","[71.2, 82.4, 97.7]","[0.0, 20.9, 50.0]","[None, None, None]","[7.4, 66.5, 97.3]"
809,"[0.0, 0.0, 0.0]","[70.0, 81.3, 90.9]","[7.6, 25.2, 50.0]","[51.8, 51.8, 51.8]","[14.0, 66.8, 97.1]"
810,"[0.0, 0.0, 0.0]","[66.7, 84.3, 95.2]","[0.0, 21.6, 38.9]","[64.8, 64.8, 64.8]","[22.8, 74.1, 100.0]"
811,"[0.0, 0.0, 0.0]","[58.3, 82.4, 95.2]","[9.4, 20.2, 37.1]","[None, None, None]","[23.1, 63.7, 100.0]"
812,"[0.0, 0.0, 0.0]","[62.1, 84.0, 95.3]","[5.4, 26.3, 66.6]","[66.6, 82.4, 98.3]","[34.4, 70.2, 100.0]"
813,"[0.0, 0.0, 0.0]","[67.5, 81.4, 93.5]","[0.0, 27.7, 50.0]","[None, None, None]","[24.7, 66.1, 100.0]"
814,"[0.0, 0.0, 0.0]","[70.4, 85.9, 94.7]","[0.0, 23.4, 44.6]","[86.4, 86.4, 86.4]","[27.5, 73.7, 100.0]"
815,"[0.0, 0.0, 0.0]","[73.8, 84.2, 95.0]","[0.0, 22.0, 37.1]","[None, None, None]","[24.1, 65.6, 100.0]"
816,"[0.0, 0.0, 0.0]","[68.1, 84.9, 95.2]","[11.2, 26.6, 51.8]","[57.2, 57.2, 57.2]","[32.2, 70.7, 100.0]"
817,"[0.0, 0.0, 0.0]","[66.8, 84.2, 92.9]","[11.2, 32.8, 55.4]","[40.7, 67.0, 115.2]","[41.7, 75.3, 100.0]"
818,"[0.0, 0.0, 0.0]","[61.1, 82.7, 93.1]","[7.6, 30.6, 55.4]","[57.2, 57.2, 57.2]","[27.8, 69.3, 94.0]"
819,"[0.0, 0.0, 0.0]","[65.7, 82.4, 93.7]","[7.6, 25.9, 53.6]","[40.7, 40.7, 40.7]","[27.8, 62.7, 96.4]"
820,"[0.0, 0.0, 0.0]","[59.7, 82.0, 96.0]","[0.0, 24.8, 57.2]","[38.9, 40.7, 42.5]","[27.8, 71.0, 100.0]"
821,"[0.0, 0.0, 0.0]","[67.2, 83.1, 96.8]","[5.4, 22.0, 50.0]","[48.2, 48.2, 48.2]","[16.7, 64.1, 100.0]"
822,"[0.0, 0.0, 0.0]","[62.8, 82.0, 96.0]","[3.6, 27.7, 64.8]","[51.8, 55.1, 59.4]","[6.9, 68.5, 98.3]"
823,"[0.0, 0.0, 0.0]","[74.1, 84.0, 97.8]","[0.0, 20.5, 35.3]","[40.7, 47.2, 53.6]","[19.7, 64.3, 100.0]"
824,"[0.0, 0.0, 0.0]","[74.1, 83.4, 95.2]","[0.0, 25.9, 66.6]","[48.2, 48.2, 48.2]","[33.3, 67.8, 100.0]"
825,"[0.0, 0.0, 0.0]","[73.6, 85.5, 93.2]","[0.0, 20.9, 37.1]","[44.3, 49.0, 53.6]","[37.7, 76.5, 100.0]"
826,"[0.0, 0.0, 0.0]","[66.3, 82.0, 96.9]","[0.0, 23.4, 50.0]","[None, None, None]","[18.3, 63.1, 98.3]"
827,"[0.0, 0.0, 0.0]","[66.4, 83.4, 95.9]","[0.0, 22.0, 63.0]","[None, None, None]","[27.8, 69.3, 95.3]"
828,"[0.0, 0.0, 0.0]","[57.9, 82.3, 95.8]","[3.6, 32.4, 61.2]","[53.6, 67.7, 81.7]","[27.8, 68.8, 100.0]"
829,"[0.0, 0.0, 0.0]","[67.9, 82.7, 92.8]","[5.4, 26.3, 55.4]","[37.1, 66.6, 96.5]","[16.7, 67.5, 98.7]"
830,"[0.0, 0.0, 0.0]","[62.0, 79.5, 91.4]","[3.6, 27.4, 57.2]","[37.1, 57.6, 77.8]","[0.0, 67.3, 95.0]"
831,"[0.0, 0.0, 0.0]","[62.4, 80.7, 94.4]","[7.6, 23.0, 53.6]","[44.3, 57.2, 64.8]","[34.4, 71.2, 98.2]"
832,"[0.0, 0.0, 0.0]","[65.7, 84.1, 95.6]","[11.2, 26.6, 50.0]","[64.8, 64.8, 64.8]","[11.9, 63.6, 100.0]"
833,"[0.0, 0.0, 0.0]","[66.6, 82.4, 95.0]","[3.6, 29.9, 68.4]","[44.3, 44.3, 44.3]","[37.3, 75.3, 100.0]"
834,"[0.0, 0.0, 0.0]","[69.1, 83.5, 95.2]","[0.0, 29.2, 51.8]","[72.4, 72.4, 72.4]","[34.1, 72.8, 97.3]"
835,"[0.0, 0.0, 0.0]","[68.2, 83.6, 96.9]","[5.4, 41.4, 322.2]","[44.3, 50.0, 55.4]","[34.6, 73.4, 100.0]"
836,"[0.0, 0.0, 0.0]","[60.2, 85.8, 97.8]","[0.0, 26.6, 46.4]","[61.2, 64.1, 66.6]","[0.0, 74.2, 100.0]"
837,"[0.0, 0.0, 0.0]","[70.2, 85.3, 96.5]","[0.0, 22.0, 46.4]","[None, None, None]","[6.9, 67.8, 94.4]"
838,"[0.0, 0.0, 0.0]","[70.7, 83.9, 97.6]","[0.0, 25.9, 59.4]","[51.8, 58.7, 63.0]","[27.8, 67.8, 100.0]"
839,"[0.0, 0.0, 0.0]","[62.7, 85.0, 97.0]","[0.0, 22.3, 46.4]","[46.4, 46.4, 46.4]","[19.8, 69.4, 100.0]"
840,"[0.0, 0.0, 0.0]","[47.9, 82.4, 98.0]","[5.4, 24.8, 53.6]","[66.6, 66.6, 66.6]","[0.0, 62.4, 97.8]"
841,"[0.0, 0.0, 0.0]","[66.7, 82.5, 97.9]","[9.4, 22.3, 44.3]","[50.0, 50.0, 50.0]","[23.8, 64.4, 97.3]"
842,"[0.0, 0.3, 4.1]","[66.4, 83.4, 96.1]","[9.4, 25.6, 48.2]","[44.3, 52.9, 61.2]","[29.0, 66.8, 99.2]"
843,"[0.0, 0.0, 0.0]","[59.6, 80.6, 94.9]","[9.4, 25.6, 57.2]","[None, None, None]","[18.5, 58.9, 95.6]"
844,"[0.0, 0.0, 0.0]","[64.1, 80.6, 92.4]","[0.0, 23.0, 51.8]","[50.0, 50.0, 50.0]","[5.6, 62.9, 100.0]"
845,"[0.0, 0.0, 0.0]","[69.2, 87.1, 97.3]","[5.4, 21.2, 42.5]","[57.2, 57.2, 57.2]","[27.4, 69.5, 100.0]"
846,"[0.0, 0.0, 0.0]","[67.1, 84.0, 99.1]","[5.4, 28.1, 55.4]","[48.2, 57.6, 66.6]","[23.1, 64.8, 100.0]"
847,"[0.0, 0.0, 0.0]","[62.5, 84.4, 94.1]","[5.4, 27.0, 92.5]","[37.1, 37.1, 37.1]","[44.4, 70.1, 94.7]"
848,"[0.0, 0.0, 0.0]","[66.6, 83.9, 96.2]","[7.6, 29.2, 87.1]","[72.4, 72.4, 72.4]","[27.8, 69.7, 100.0]"
849,"[0.0, 0.0, 0.0]","[54.0, 79.2, 93.8]","[7.6, 27.0, 55.4]","[61.2, 63.0, 64.8]","[27.8, 71.0, 96.3]"
850,"[0.0, 0.0, 0.0]","[62.7, 82.8, 98.0]","[0.0, 20.9, 42.5]","[61.2, 68.4, 79.2]","[22.6, 58.4, 98.4]"
851,"[0.0, 0.0, 0.0]","[56.6, 84.1, 93.6]","[0.0, 25.6, 64.8]","[76.0, 84.2, 92.5]","[8.3, 68.9, 100.0]"
852,"[0.0, 0.0, 0.0]","[59.9, 86.1, 96.5]","[0.0, 24.5, 50.0]","[None, None, None]","[27.8, 74.0, 100.0]"
853,"[0.0, 0.0, 0.0]","[66.3, 86.3, 97.9]","[0.0, 19.4, 55.4]","[None, None, None]","[20.7, 61.1, 100.0]"
854,"[0.0, 0.0, 0.0]","[76.4, 86.9, 98.1]","[5.4, 21.6, 46.4]","[51.8, 51.8, 51.8]","[4.6, 59.6, 98.8]"
855,"[0.0, 0.0, 0.0]","[79.5, 86.9, 96.1]","[5.4, 20.5, 43.2]","[None, None, None]","[18.5, 68.4, 100.0]"
856,"[0.0, 0.0, 0.0]","[67.9, 85.7, 97.2]","[0.0, 28.8, 64.8]","[59.4, 65.5, 72.4]","[44.4, 72.8, 100.0]"
857,"[0.0, 0.0, 0.0]","[64.0, 83.1, 97.2]","[9.4, 24.8, 72.4]","[46.4, 74.9, 103.7]","[0.0, 53.4, 95.0]"
858,"[0.0, 0.0, 0.0]","[66.0, 85.7, 96.0]","[0.0, 25.2, 44.6]","[37.1, 54.4, 74.2]","[13.9, 62.3, 93.8]"
859,"[0.0, 0.0, 0.0]","[65.6, 83.7, 93.5]","[5.4, 30.6, 66.6]","[51.8, 69.5, 96.5]","[4.6, 67.5, 98.3]"
860,"[0.0, 0.0, 0.0]","[72.1, 84.4, 92.7]","[0.0, 27.0, 66.6]","[40.7, 69.1, 101.9]","[27.8, 65.5, 100.0]"
861,"[0.0, 0.0, 0.0]","[64.7, 82.4, 97.7]","[3.6, 24.5, 44.6]","[59.4, 64.1, 68.4]","[20.1, 61.0, 100.0]"
862,"[0.0, 0.0, 0.0]","[67.2, 84.8, 99.3]","[0.0, 27.4, 66.6]","[44.3, 63.7, 90.7]","[0.0, 57.9, 100.0]"
863,"[0.0, 0.0, 0.0]","[67.8, 85.1, 98.5]","[0.0, 26.6, 66.6]","[38.9, 53.3, 77.8]","[0.0, 59.9, 97.8]"
864,"[0.0, 0.0, 0.0]","[67.9, 87.3, 96.7]","[0.0, 16.9, 40.7]","[44.3, 44.3, 44.3]","[0.0, 60.8, 100.0]"
865,"[0.0, 0.0, 0.0]","[60.6, 82.8, 97.2]","[0.0, 24.5, 48.2]","[44.6, 50.8, 53.6]","[17.5, 66.3, 100.0]"
866,"[0.0, 0.0, 0.0]","[73.4, 85.8, 98.1]","[0.0, 26.6, 68.4]","[66.6, 85.7, 104.4]","[36.0, 77.8, 100.0]"
867,"[0.0, 0.0, 0.0]","[72.7, 85.2, 100.0]","[0.0, 25.6, 48.2]","[87.1, 87.1, 87.1]","[27.8, 71.1, 100.0]"
868,"[0.0, 0.0, 0.0]","[61.3, 84.0, 96.6]","[3.6, 23.8, 55.4]","[40.7, 45.7, 51.8]","[27.8, 74.6, 100.0]"
869,"[0.0, 0.0, 0.0]","[73.2, 83.8, 93.2]","[2.5, 21.6, 55.4]","[None, None, None]","[0.0, 61.0, 98.4]"
870,"[0.0, 0.0, 0.0]","[72.9, 87.5, 100.0]","[3.6, 20.9, 48.2]","[48.2, 58.7, 72.4]","[1.7, 65.5, 97.8]"
871,"[0.0, 0.0, 0.0]","[73.5, 84.9, 98.3]","[0.0, 29.5, 57.6]","[55.4, 61.2, 77.8]","[0.0, 60.2, 93.8]"
872,"[0.0, 0.0, 0.0]","[73.1, 83.7, 93.2]","[3.6, 26.6, 68.4]","[44.6, 62.6, 81.7]","[40.5, 72.7, 100.0]"
873,"[0.0, 0.0, 0.0]","[73.4, 85.8, 97.1]","[0.0, 27.0, 66.6]","[53.6, 63.7, 81.7]","[0.0, 71.3, 94.6]"
874,"[0.0, 0.0, 0.0]","[72.8, 86.4, 96.2]","[0.0, 23.0, 50.0]","[59.4, 65.2, 70.6]","[30.0, 70.1, 100.0]"
875,"[0.0, 0.0, 0.0]","[75.9, 87.6, 96.7]","[0.0, 29.9, 77.8]","[64.8, 72.7, 76.0]","[22.2, 73.1, 100.0]"
876,"[0.0, 0.0, 0.0]","[70.5, 87.1, 98.0]","[0.0, 29.5, 57.6]","[53.6, 72.4, 85.3]","[9.3, 70.8, 100.0]"
877,"[0.0, 0.0, 0.0]","[68.9, 89.4, 98.2]","[0.0, 22.3, 53.6]","[None, None, None]","[4.8, 72.6, 100.0]"
878,"[0.0, 0.0, 0.0]","[80.2, 89.6, 96.1]","[0.0, 20.5, 46.4]","[None, None, None]","[22.8, 72.8, 98.1]"
879,"[0.0, 0.0, 0.0]","[72.6, 86.6, 93.5]","[0.0, 22.7, 48.2]","[None, None, None]","[4.0, 64.8, 100.0]"
880,"[0.0, 0.0, 0.0]","[65.9, 82.7, 94.4]","[0.0, 31.0, 109.1]","[55.4, 55.4, 55.4]","[22.2, 61.2, 95.3]"
881,"[0.0, 0.0, 0.0]","[74.6, 83.1, 92.9]","[5.4, 26.6, 66.6]","[51.8, 54.4, 59.4]","[25.4, 66.2, 100.0]"
882,"[0.0, 0.0, 0.0]","[78.9, 88.8, 96.2]","[0.0, 28.8, 64.8]","[64.8, 64.8, 64.8]","[19.2, 74.0, 100.0]"
883,"[0.0, 0.0, 0.0]","[68.1, 89.1, 97.7]","[0.0, 24.8, 72.4]","[53.6, 69.5, 85.3]","[40.9, 81.0, 100.0]"
884,"[0.0, 0.0, 0.0]","[76.9, 87.4, 97.8]","[0.0, 25.2, 55.4]","[None, None, None]","[29.4, 72.1, 100.0]"
885,"[0.0, 0.0, 0.0]","[72.3, 84.8, 96.3]","[0.0, 26.6, 68.4]","[None, None, None]","[54.7, 78.6, 100.0]"
886,"[0.0, 0.0, 0.0]","[71.8, 83.9, 97.8]","[0.0, 28.4, 53.6]","[42.5, 67.7, 92.5]","[27.8, 76.7, 100.0]"
887,"[0.0, 0.0, 0.0]","[62.3, 83.7, 98.5]","[0.0, 20.5, 63.0]","[None, None, None]","[2.0, 71.0, 100.0]"
888,"[0.0, 0.0, 0.0]","[67.4, 85.4, 98.5]","[0.0, 21.2, 61.2]","[50.0, 52.9, 55.4]","[0.0, 59.6, 100.0]"
889,"[0.0, 0.0, 0.0]","[60.9, 85.6, 98.9]","[3.6, 25.6, 46.4]","[42.5, 54.4, 61.2]","[17.0, 71.6, 98.2]"
890,"[0.0, 0.0, 0.0]","[77.0, 88.5, 100.0]","[0.0, 24.8, 59.0]","[50.0, 61.6, 68.4]","[18.8, 71.8, 100.0]"
891,"[0.0, 0.0, 0.0]","[52.7, 84.3, 97.6]","[0.0, 25.6, 53.6]","[40.7, 59.8, 76.0]","[0.0, 61.6, 98.6]"
892,"[0.0, 0.0, 0.0]","[64.2, 83.3, 96.7]","[0.0, 28.1, 68.4]","[55.4, 69.5, 83.5]","[4.0, 61.7, 100.0]"
893,"[0.0, 0.0, 0.0]","[70.5, 85.2, 97.1]","[5.4, 28.1, 76.0]","[107.6, 107.6, 107.6]","[16.7, 69.2, 100.0]"
894,"[0.0, 0.0, 0.0]","[69.2, 86.1, 97.9]","[0.0, 30.2, 70.6]","[25.9, 58.7, 92.5]","[9.7, 67.3, 100.0]"
895,"[0.0, 0.0, 0.0]","[64.2, 82.3, 92.8]","[0.0, 37.1, 105.5]","[48.2, 57.6, 76.0]","[11.9, 70.4, 100.0]"
896,"[0.0, 0.0, 0.0]","[62.3, 85.7, 96.2]","[0.0, 31.3, 63.0]","[42.5, 67.3, 88.9]","[30.0, 72.4, 100.0]"
897,"[0.0, 0.0, 0.0]","[73.4, 85.1, 98.0]","[0.0, 27.7, 59.4]","[50.0, 53.6, 59.4]","[36.1, 70.0, 100.0]"
898,"[0.0, 0.0, 0.0]","[75.9, 84.9, 100.0]","[9.4, 33.8, 85.0]","[38.9, 62.3, 85.3]","[28.2, 73.9, 100.0]"
899,"[0.0, 0.0, 0.0]","[67.6, 83.2, 97.2]","[9.4, 30.2, 61.2]","[59.4, 59.4, 59.4]","[18.3, 67.1, 98.6]"
900,"[0.0, 0.0, 0.0]","[62.5, 84.5, 95.4]","[4.7, 23.4, 74.2]","[None, None, None]","[11.9, 74.3, 100.0]"
901,"[0.0, 0.0, 0.0]","[64.9, 83.9, 95.6]","[5.4, 25.6, 44.3]","[46.4, 49.3, 51.8]","[36.1, 78.6, 100.0]"
902,"[0.0, 0.0, 0.0]","[61.6, 86.1, 98.0]","[0.0, 22.0, 46.4]","[68.4, 68.4, 68.4]","[30.6, 70.1, 100.0]"
903,"[0.0, 0.0, 0.0]","[63.7, 85.3, 95.3]","[0.0, 24.8, 74.2]","[38.9, 38.9, 38.9]","[13.9, 77.8, 100.0]"
904,"[0.0, 0.0, 0.0]","[70.7, 83.0, 92.5]","[0.0, 24.5, 46.4]","[51.8, 54.7, 57.6]","[27.8, 69.7, 100.0]"
905,"[0.0, 0.0, 0.0]","[71.4, 87.2, 98.4]","[0.0, 20.2, 53.6]","[55.4, 55.4, 55.4]","[21.1, 68.4, 100.0]"
906,"[0.0, 0.0, 0.0]","[63.2, 87.3, 97.0]","[0.0, 18.7, 42.5]","[46.4, 54.0, 61.2]","[38.9, 71.3, 100.0]"
907,"[0.0, 0.0, 0.0]","[70.6, 84.1, 95.4]","[0.0, 26.6, 66.6]","[79.6, 79.6, 79.6]","[38.9, 73.1, 100.0]"
908,"[0.0, 0.0, 0.0]","[73.1, 85.6, 94.3]","[0.0, 30.6, 53.6]","[59.4, 65.5, 74.2]","[31.6, 69.8, 100.0]"
909,"[0.0, 0.0, 0.0]","[62.3, 84.1, 96.3]","[0.0, 28.4, 51.8]","[68.4, 75.2, 83.5]","[27.8, 68.8, 100.0]"
910,"[0.0, 0.0, 0.0]","[59.2, 84.5, 96.0]","[0.0, 23.4, 53.6]","[44.6, 55.4, 66.6]","[27.8, 70.5, 100.0]"
911,"[0.0, 0.1, 1.0]","[69.3, 81.4, 91.7]","[0.0, 31.7, 91.8]","[55.4, 55.4, 55.4]","[27.3, 68.2, 100.0]"
912,"[0.0, 0.0, 0.0]","[63.1, 81.9, 91.9]","[5.4, 25.6, 72.4]","[96.5, 96.5, 96.5]","[24.7, 59.6, 98.3]"
913,"[0.0, 0.0, 0.0]","[64.4, 82.4, 94.4]","[3.6, 31.7, 72.4]","[50.0, 80.3, 100.1]","[27.8, 68.9, 100.0]"
914,"[0.0, 0.0, 0.0]","[60.1, 87.1, 97.0]","[10.1, 27.4, 48.2]","[57.6, 61.2, 64.8]","[13.9, 79.2, 100.0]"
